ResourceID,Event Type
001abaa0-9788-4e84-ac9e-69786ec4a94d,Open Area Excavation
00737d20-7fb1-467b-9b8c-ad5bed3d30bf,Desk Based Assessment
00af5d3e-d6ad-491e-b7f9-0710fc6416f9,Desk Based Assessment
00bfad77-d647-48e8-a532-7b9acd002f50,Excavation
00bfad77-d647-48e8-a532-7b9acd002f50,Trial Trench
011ffc75-de3c-4c15-9a73-de43e65cd8ed,Building Survey
01c61234-eec8-4e57-a661-9e2d035d0427,Open Area Excavation
01d5d501-1d19-49ba-aac1-8897cfaf71d9,Watching Brief
01ed4720-6ab0-4be5-919c-0c97f98cbf7e,Desk Based Assessment
023a9c02-20c1-4247-b1e4-a7aabf55de59,Trial Trench
0265f610-7234-4d40-9950-a78647b516d9,Excavation
02a85b76-2615-479a-9390-e36d8b1e755a,Desk Based Assessment
02f64d5d-54f4-4aec-bebe-28c50840ec58,Watching Brief
0311e998-6155-4bb9-a36b-205df05dbb9b,Watching Brief
0356861f-fdb4-4e51-ba0d-14972a58b322,Watching Brief
036298ca-a9e5-4372-b476-d570f0ad50e3,Trial Trench
03789389-3725-43e9-a9b5-bba549b922fe,Trial Trench
03be6b50-4581-4fd9-9b4a-7109d6820da4,Excavation
03cf4382-01c4-4e2d-83e8-6e7d6c67bcc5,Desk Based Assessment
0433f367-561a-4bf5-a0a9-d92b08958d55,Watching Brief
048be621-d52b-4184-b93e-473157365af8,Watching Brief
04a98b1e-62c2-4f7d-8eec-79de46d1ec26,Watching Brief
04a98b1e-62c2-4f7d-8eec-79de46d1ec26,Test Pit
04c00a90-8367-44d1-be7c-188f81b79a6c,Desk Based Assessment
04c5169a-1b14-4b07-949d-38a8160980c6,Trial Trench
04d310d5-fd06-4377-97bf-0abee0ba30a9,Trial Trench
05c0b8d7-d124-49c5-8c77-6dfd11c2398c,Watching Brief
05c0b8d7-d124-49c5-8c77-6dfd11c2398c,Trial Trench
05e50fb7-49c3-4ccc-a028-d0d8b314048c,Trial Trench
05f6c1e2-45b8-4b85-b853-70a63081b5f0,Evaluation
05f9c5fc-5af7-448e-b84f-bed1d2fb2afd,Desk Based Assessment
06028b35-2656-4d79-bfdd-d9c6f7aaaf57,Watching Brief
06119890-f397-4035-9f30-1d45a236e081,Watching Brief
061bb31f-feff-4c9b-9a82-3dbac5365830,Desk Based Assessment
06352997-546f-41ad-aa44-12e066f5fdce,Evaluation
0642bc3c-f030-4501-b566-3c5c643bbab9,Trial Trench
06dddd3e-889f-4104-af08-8b8caa679259,Watching Brief
06e54d62-572e-4d0b-81dd-2f53d6448ef3,Trial Trench
073d41cd-7171-4781-b495-55f38721c68a,Desk Based Assessment
07dc8e42-591e-4741-a4b1-1a34d2f5ad07,Open Area Excavation
07f38a52-b2c5-446b-957d-cc234f6f1c92,Trial Trench
07f8fe77-e8a7-49b7-b234-464f2033f6e3,Desk Based Assessment
0834acf8-2bf7-4b2f-adf2-7f2368058eb5,Trial Trench
0839092b-5cd8-4204-9f5f-996635f4a3b6,Open Area Excavation
0870a2d1-8b2d-445a-a51e-43f1d25b03f1,Excavation
09843068-fe32-4547-bc7a-7defd8e42cd3,Watching Brief
09ba10a0-6c5e-4f09-b52b-d1d4b6ed00f1,Desk Based Assessment
09ed2351-9bd0-4606-a3cd-5b7fea37a9b2,Desk Based Assessment
09ff9567-f1ab-40cf-b531-dd0b30068aee,Watching Brief
0a188ebc-4639-4cfa-9adb-38162dcbc03e,Trial Trench
0a324f8e-96f1-4585-ac08-03791398b5a6,Trial Trench
0a337c5d-36d3-40b5-83ea-e918f4a94a02,Systematic Fieldwalking Survey
0a345307-806b-4b49-965b-f2879ece9b1c,Trial Trench
0abe6323-98a0-4eef-8434-e4410a08a884,Evaluation
0ac15e44-54b3-45fc-92b5-f02c9fda5aa0,Test Pit
0ad0d196-0f53-494f-a728-d1ffdad84854,Watching Brief
0adaae12-bd6c-49a7-bcf6-4387083f6886,Trial Trench
0b16aca9-6625-4005-a9b3-e2f777fb9d3c,Watching Brief
0bb561ea-6a70-4bc8-88a6-e67d79d179d1,Desk Based Assessment
0be94fee-c794-4bbb-bd69-87d01c39d768,Desk Based Assessment
0c081935-5dab-4270-9c88-d15812323c3a,Trial Trench
0ce00517-adbc-4da2-9d43-8cc5532cc6a1,Watching Brief
0ce6e6b1-5546-4442-a232-c63968ff5a99,Open Area Excavation
0d494420-ea6c-45d1-af79-39efa948a49d,Open Area Excavation
0d6eb211-8d69-489f-9630-1b2823bd5ad4,Excavation
0d80ebd1-d14d-433e-9db1-38e0b32c19e2,Open Area Excavation
0dc174a4-da60-41d6-98c6-1816ce1d5a9a,Watching Brief
0dce9356-9948-4cf7-97d7-7880fd509188,Watching Brief
0e06bee7-1d6c-48eb-8f20-794f63dad7f6,Trial Trench
0e202e54-cef9-4cb9-a506-08c97c742da7,Open Area Excavation
0e4af6f3-aa13-4887-9bac-700c5b3a0e12,Trial Trench
0e5748b4-79ee-4d99-b0ce-a634ea453cb0,Trial Trench
0e61b0f7-00f3-4352-b9aa-41e199d6571f,Evaluation
0e61b0f7-00f3-4352-b9aa-41e199d6571f,Building Survey
0e7152ef-aa41-440e-8c55-396eb3067f1e,Building Survey
0e9da961-e5d8-4991-a6fe-b96f45b9c55e,Watching Brief
0ec4ae5a-d112-45d4-afe9-55f228f82832,Trial Trench
0ee43073-694e-4f5a-931d-31145a4b3a3c,Watching Brief
0ee43073-694e-4f5a-931d-31145a4b3a3c,Building Survey
0f256fee-49f1-4ccc-879e-5a3f43c25994,Trial Trench
0f5bf344-95c4-44b0-bf8f-3b41a74c9e06,Trial Trench
0f7bc817-893d-4d0b-960c-0d5f90cfac35,Watching Brief
0f9036dc-87e0-4b8a-ad12-5e0dd0521733,Open Area Excavation
107be8b3-df66-46f3-9699-06709b63c66a,Trial Trench
10a287ca-1f27-4d8f-b051-5e9084fb3275,Trial Trench
10ad6e10-3291-4c34-b89e-d185aa39ee09,Desk Based Assessment
10c5e891-1377-4056-9b92-abfc46925134,Watching Brief
10d71c86-4119-4c18-a8cd-6175b50fa7a0,Desk Based Assessment
10d88703-1e0c-4000-abfe-aa7b1bbb0c6c,Desk Based Assessment
10e51e4f-c5d0-4d58-a108-a13b80d4d181,Desk Based Assessment
10e51e4f-c5d0-4d58-a108-a13b80d4d181,Borehole Survey
10f6cb8e-0ae7-4a2e-82a0-c95ae691edba,Trial Trench
11b0d308-f3ca-44b1-b23c-5c277f8097ca,Trial Trench
11bef4d5-e8da-4ed6-989f-48ba752c8076,Desk Based Assessment
11cbf746-f4d0-4ca8-92c4-2d374a61e595,Trial Trench
12097623-2dcb-4e74-9b12-8e187d214d00,Watching Brief
12252c3e-31c7-4155-8307-4dfd758704af,Desk Based Assessment
1241e7ba-1908-4feb-9c06-94d9f1679c5b,Building Survey
1261a2d6-5333-4f5f-a8c6-948809168c39,Desk Based Assessment
1277045b-ad27-45c7-b1aa-21d3f97ee531,Desk Based Assessment
12b7ab3f-5ed2-4d48-83f3-d594312c6d48,Desk Based Assessment
12c935f4-7ada-4b45-80a8-24889d98f05e,Test Pit
1308e19c-63db-4958-8e46-bdb40015ad30,Open Area Excavation
132bfa45-9839-4f71-8dbf-f831ff5beae0,Desk Based Assessment
1380068e-ce47-4a3d-b7bf-f19baa55abd8,Open Area Excavation
1393164a-bcb3-42cc-baee-e4d355d4feda,Trial Trench
13cb9839-1209-42f0-819d-b4fd8fe41b02,Open Area Excavation
13cf206d-b1d5-4479-b37c-53cfc1f6ada8,Desk Based Assessment
13f47687-fc95-4f16-abf9-a067034d9b08,Desk Based Assessment
140eda94-9775-4221-a919-622b4ef94751,Watching Brief
14a003f2-5bf3-4053-a780-29bdd8e49729,Evaluation
15212156-d5e2-449f-9280-8c6063859a91,Trial Trench
15816687-80e4-4867-9ee8-c4ba38081d54,Desk Based Assessment
15a2ac65-d570-47c1-909a-cfd35eb59116,Desk Based Assessment
15b4a4f1-3b6d-40a0-8a80-e192729d9a83,Watching Brief
15ee8299-dcb8-41ab-8153-1441b4752dcf,Trial Trench
1629e840-ea87-43d1-879b-ec6281cda4a9,Watching Brief
16370ac4-4467-4302-867f-1b8ba661a9cd,Desk Based Assessment
1638b143-e4aa-4a92-b10a-bc7739061df0,Desk Based Assessment
163eb8fa-b654-4576-ab9a-78f22cda3251,Desk Based Assessment
1654a2a4-fe09-498c-b07c-25e1388b494b,Desk Based Assessment
1673dfc5-3181-4113-b40d-90f3b7ce9860,Desk Based Assessment
1675d59f-fd42-4ef6-811b-1e469a291693,Field Survey
1675d59f-fd42-4ef6-811b-1e469a291693,Geophysical Survey
1675d59f-fd42-4ef6-811b-1e469a291693,Magnetometry Survey
16a1a072-7cfd-4c56-b2aa-c8bb53439a93,Desk Based Assessment
16a1d47a-c00c-4363-9d42-acb9ada5d7cf,Building Survey
16a24fb7-7ad1-4131-b880-01c1553867b3,Desk Based Assessment
16d41e24-3c0a-4369-8ff7-68fd62f77522,Trial Trench
17038b9f-49c1-4233-88b0-665b8ac24e6f,Desk Based Assessment
170f6690-5b76-490a-b7d3-f497d92da84f,Building Survey
1784a96e-774a-4b01-abbb-b458337297aa,Trial Trench
17bc91ab-49ea-4879-80a1-9edff55f5377,Desk Based Assessment
180bb73e-55e0-4cfc-b750-e103df31efac,Desk Based Assessment
182077d1-03f4-4fec-8b26-4b532a17f78c,Desk Based Assessment
18c350b9-3abb-4515-a734-7972c4bf97ed,Watching Brief
18c385ef-8ac8-4e26-ad3b-5d63bcb913d2,Watching Brief
19290c8b-95c6-4369-bdcc-30868869524f,Trial Trench
19588e1c-7de8-4f75-b918-01b72c64e45f,Evaluation
19588e1c-7de8-4f75-b918-01b72c64e45f,Geotechnical Survey
19588e1c-7de8-4f75-b918-01b72c64e45f,Borehole Survey
19895809-bb35-46a2-a3b8-bb1e4f23714e,Excavation
19c5f94f-377a-422c-a0a0-35b8f3bde5c2,Excavation
1a8fc506-a17e-4f94-a226-bbee03f585a8,Evaluation
1ac84e8e-6ba0-4bf3-8ec4-378e7e470194,Trial Trench
1b2a4b05-6cb1-4006-8c53-4b7e7d3d0c1b,Watching Brief
1b40a343-ab5d-43ce-8caa-742107655e65,Building Survey
1b40a343-ab5d-43ce-8caa-742107655e65,Photographic Survey
1b889f14-e212-4d90-86b8-447bc5f2a910,Open Area Excavation
1b889f14-e212-4d90-86b8-447bc5f2a910,Trial Trench
1cdeebf6-a1c5-4636-ad51-19e10e30827b,Trial Trench
1cf703f2-d92a-4faf-ada3-28713bc6ee6f,Trial Trench
1d32e78a-31b7-4e63-b684-8483107047c2,Watching Brief
1d5580ec-bb83-4280-a6e0-57df81cbe241,Desk Based Assessment
1d8a61bb-0628-42bf-86d2-72bb9c404508,Borehole Survey
1df29542-4357-4016-a9f0-77f4253ea593,Trial Trench
1e3d55d5-1dc1-499b-85cd-cc24db46f81f,Trial Trench
1e5d93dd-d5aa-4f1a-8d8f-ddc29d4745e9,Building Survey
1e90eac9-1ddb-47e3-9f91-c77cf3454592,Borehole Survey
1ea52d3a-1624-4123-bc04-e9de304a3b5e,Trial Trench
1eaffb37-d331-43f0-984f-29b4d9d6d59f,Trial Trench
1ed986c1-0019-4ede-8121-5336fef1c77e,Watching Brief
1eecb388-dce2-4bbd-8b88-138f69bd7f56,Evaluation
1efb3a29-7a8b-4592-b0f2-d4c3f779a53e,Building Survey
1efb3a29-7a8b-4592-b0f2-d4c3f779a53e,Photographic Survey
1f3751eb-4d5f-473a-8cd2-57f5594e46ec,Trial Trench
1f474fa6-9d1e-4ccb-84a3-0cccb273890b,Evaluation
1f967b63-fbb7-4bd9-9f2b-66a00cbe4ab4,Desk Based Assessment
1f97120f-eee0-47c3-acf8-d8427fa09a63,Desk Based Assessment
1fbff36f-eb58-4aa4-9c2b-b51675e658ad,Desk Based Assessment
1fe6d3c5-7a2d-4755-96f4-93cd63c8bb9b,Trial Trench
1fef8d23-ac3d-4697-b4be-cf7fc7050357,Evaluation
1ff37482-5ee9-4d5c-a76f-83d6f0a342d5,Trial Trench
1ff55e9b-083c-43ed-b87a-865dbf7d9539,Desk Based Assessment
20054c2f-1e20-4e6d-9bb1-3e16fb7870b6,Excavation
200ea222-ed97-4c31-95a3-0d3865789db2,Desk Based Assessment
201816da-789c-4f2b-9261-5c79930c068e,Trial Trench
2049002a-9beb-4f42-89b5-56f994416294,Metal Detecting Use
2061953b-cdbf-4bee-b1bb-c58b3e213b35,Trial Trench
2084c490-b627-4a29-a6d8-c55b856502aa,Auger Survey
2084c490-b627-4a29-a6d8-c55b856502aa,Open Area Excavation
20880cf5-fed9-4b06-bafd-edbb84c4b54e,Watching Brief
20952cba-5640-48cf-820f-adec459e1d2b,Trial Trench
20b8f22c-3ad6-4a9f-806d-14e3d7c4979e,Test Pit
20c4fc13-fca4-4022-9195-3e41fc4c42dc,Trial Trench
212cd139-0599-478b-936b-6568ae6e8391,Trial Trench
21830d7c-6846-4117-92ff-e769476406d5,Desk Based Assessment
22448d25-8633-4884-ba12-528a7b1ea291,Desk Based Assessment
228788e9-aa75-4350-b281-52d080497145,Trial Trench
22c2be20-05b4-40b1-a541-186fcb1abb3f,Desk Based Assessment
2327aa44-1053-4988-962c-59b410fe2763,Desk Based Assessment
2351206c-0bb1-486f-98e1-459dfa6c86c9,Trial Trench
23a5d8c9-be3c-479f-923a-61608f9ce677,Open Area Excavation
23ad0cd5-be7d-419d-8008-4b2f16cc5d5a,Trial Trench
23c5bba9-b333-43b6-b2d0-3e24745f6cd8,Open Area Excavation
23e262cc-be51-4258-a2e3-e64875442a31,Borehole Survey
23e71088-2a70-4441-a90b-0315a1d83941,Field Survey
23e71088-2a70-4441-a90b-0315a1d83941,Lidar Survey
23e71088-2a70-4441-a90b-0315a1d83941,Aerial Photograph Interpretation
23e71088-2a70-4441-a90b-0315a1d83941,Historic Area Assessment
23efa106-593c-453a-bae2-0f50cf77b6f3,Evaluation
240a701e-919e-4655-8874-7f8681df3030,Geotechnical Survey
241448e3-8475-4915-bfbd-5de381460290,Excavation
243a50c4-73ff-4161-ab2d-c576864c7509,Trial Trench
248c946b-1e04-47aa-af24-ed9aa813b86b,Excavation
2506ef5a-54cb-4532-b1c4-1d8b6ec90f61,Trial Trench
251ecb46-ab0c-43a8-94bc-157c112f5ab3,Trial Trench
26216f60-8cd3-4c26-b1e1-f4ec317e9839,Desk Based Assessment
26216f60-8cd3-4c26-b1e1-f4ec317e9839,Building Survey
262c82a1-3ca6-4fca-8e1d-94a97891e21d,Trial Trench
2650ae5e-8182-457d-98be-bf9443a9557c,Desk Based Assessment
2670a1fb-5146-4b7e-962b-4fac8e677f53,Evaluation
2692d9b9-64b3-4cfb-bd64-e6a6ceaf72d1,Desk Based Assessment
269c3e2e-cdd2-47d5-afa8-6ea52f3d6e71,Desk Based Assessment
26b429d8-8f11-4245-94f9-ea3594e8bd07,Excavation
26c2a905-a17c-4ca5-9f7b-c171a050c3df,Trial Trench
26c4b393-beb2-476a-bdaf-55f45c8ee1be,Desk Based Assessment
274f0ea0-432f-4758-a97d-5b9de1defd8d,Watching Brief
277aac61-9251-4e1a-9468-b8cf6222de99,Trial Trench
27ce3b21-f8bd-4e01-93eb-35b116a0bf61,Desk Based Assessment
2826ac10-7c75-444e-9374-343b4224626c,Trial Trench
2837108e-d614-4a7d-a10a-af852ee1e7be,Watching Brief
283f5255-caf6-4a1d-b59c-8b837c2ad5aa,Watching Brief
29248f33-95a1-4e34-9356-531aeb4931bf,Trial Trench
29474113-39c4-4e0e-8f53-6301b8360371,Watching Brief
2972c1f0-ce34-442b-ba3c-a0b8b978ae4a,Desk Based Assessment
2a1768dc-862c-4426-9019-a3f09c05e388,Trial Trench
2a288a03-fb6d-4cf6-a505-050de4919b37,Open Area Excavation
2a3905c9-7ce8-43b8-8ea4-4ffbad1a1d21,Trial Trench
2a5443e3-bd05-4a04-9686-d80d3bd5a12b,Trial Trench
2a59d17a-f554-4dac-964b-57c4a6a61860,Desk Based Assessment
2a5a441a-a2f1-4dd7-9968-81331cf5e334,Watching Brief
2ae702c0-36bd-4217-a74a-9f57e5501e31,Desk Based Assessment
2b01e488-ea05-477c-93be-a9390e34ff55,Excavation
2b2ede58-9881-4134-89c6-fdb8593c22f4,Desk Based Assessment
2bed2211-5a3b-4cb9-bbc5-393dd2047e46,Watching Brief
2c549ba6-7c36-4d98-8784-f893094dd9af,Watching Brief
2c7e29a1-2d79-490d-9eba-bc1844ce5f24,Test Pit
2c7e29a1-2d79-490d-9eba-bc1844ce5f24,Borehole Survey
2c8bb772-85d8-48e4-89f2-b247b1ad7bd1,Excavation
2c9a126b-ebe7-438e-9a8a-63cf324d3f0f,Trial Trench
2cd10335-8795-4052-8529-6650ecf18b37,Trial Trench
2cd664ca-9471-4cd2-b0d3-9d19a499fb60,Watching Brief
2d2d0993-eb73-4904-b279-04db5cb59a59,Trial Trench
2d422b3d-1065-4354-9464-b33a417ea033,Desk Based Assessment
2d6018ef-87ae-4440-84a3-a72cc9701522,Watching Brief
2daa6e12-e624-47ee-9ae3-4c523ecd7eca,Trial Trench
2df6cd0f-db13-4336-bdc1-79729ba12ed0,Watching Brief
2e16c09d-1e2d-40c1-ac74-9d4fa0c31d8d,Trial Trench
2e2958d0-41b5-4bc3-b5c8-4eeb942d2b4c,Desk Based Assessment
2e3fd396-b0e3-477f-9363-c6875d00784b,Dendrochronological Survey
2e9cae7f-dd07-4c83-95c8-7598fa18f5df,Trial Trench
2ea19983-3588-4994-b614-a3551d77ea05,Trial Trench
2ecddee5-9dcf-4fc3-83a3-fe2d23fa4d1b,Excavation
2ecddee5-9dcf-4fc3-83a3-fe2d23fa4d1b,Watching Brief
2f0cdd15-65da-487b-ab06-7798fea5ec34,Field Survey
2f9befef-cc8e-42da-bb3f-66aaf64394cb,Trial Trench
303f1da1-911e-4255-814c-9d7d4f14e9e9,Watching Brief
30703b73-8b24-43b9-ad98-93f85d09013f,Trial Trench
308a0377-fafb-45f0-95bb-1bcca19814dd,Desk Based Assessment
31116f8d-e9b6-4a23-830c-d8d29d6bdb48,Excavation
311ce3aa-e351-4ceb-ae6d-14ea313f37d8,Desk Based Assessment
318ec56e-0857-4bdf-9ed5-5ff2f6e5a615,Watching Brief
319e9670-d62e-460c-8097-0b2b60eff7b0,Watching Brief
31b30192-ed22-4ecf-bc82-a5475885acf4,Evaluation
31b5acbf-ab62-4023-9517-3ca8b2c6d458,Trial Trench
31c65c36-10a7-4c41-9018-9ba2d6b34a62,Watching Brief
320b3e81-fe36-40a0-9a3c-da93b07cebf2,Watching Brief
326a0d3d-96a6-4898-9957-ef8cccf6b64b,Open Area Excavation
329d793e-9155-4a18-a913-2f8054501ff9,Trial Trench
32b2941f-f96e-4368-b198-452e0331eba3,Test Pit
32b2941f-f96e-4368-b198-452e0331eba3,Borehole Survey
32d43195-e913-4e55-a78a-fad815018d28,Desk Based Assessment
331f5937-fc57-42d0-b2d3-75c920630db7,Desk Based Assessment
332c6067-fe46-4094-8a7e-9b444de4eee4,Trial Trench
3357d1ac-5807-4753-ba27-31d3c6ac02e3,Watching Brief
335db6c8-76f4-42f9-b0d2-7300b7531290,Evaluation
33663da9-3671-4948-ae6c-ab23098de75d,Watching Brief
336bfcc0-a4e8-4397-bf4c-0f2141eeeffe,Watching Brief
337790fc-2485-43bd-add7-c9d08a46b252,Trial Trench
337c0317-ad71-4fba-b225-463a76df43c9,Watching Brief
33d12af7-f108-4fa1-b6a9-638a4e4ea55f,Trial Trench
33e08452-010e-4971-b396-47083c71efa9,Desk Based Assessment
344ae426-3742-4a31-bdfd-3363afd35cf6,Trial Trench
3465aadd-c544-4436-a491-30207306e5a5,Desk Based Assessment
3487c09d-8c90-413b-92a8-ccfe2e5a7801,Open Area Excavation
349bcbb8-1f97-4e1d-be89-9f627a5f4fb2,Watching Brief
34a248d3-c028-4242-aefc-1b09f9cc4a26,Watching Brief
34dfa690-c5ef-449e-880e-0aa3c35aa688,Watching Brief
34e1f50c-53ec-42db-8f91-2e9b1a2bc3b1,Watching Brief
34fa9173-99e2-4afe-a638-401e9c65711f,Trial Trench
35101ce2-ce8b-4786-8088-950a62dcb7b1,Excavation
3526b7d9-536e-4499-b413-f73cfcd843d7,Desk Based Assessment
35376f77-b66c-412b-8295-b5632931b1d9,Desk Based Assessment
35a93ccf-6815-47b9-85fe-41cd3085b51e,Open Area Excavation
35a93ccf-6815-47b9-85fe-41cd3085b51e,Research Excavation
35bcb365-6a1a-4bc6-bd00-d15a8f55157c,Trial Trench
35cc19a1-3b74-452e-8dbf-f7f239e09e1f,Evaluation
35cdd958-1139-4706-8f87-cff70767f37c,Trial Trench
35cf7b32-4c29-4cde-b6f3-6ac62a3e548b,Watching Brief
3632d0d3-e22d-4aa7-ada5-4982fe6e3b6c,Trial Trench
363f9498-8a19-4523-a2c6-26019bac4579,Trial Trench
3673389f-70bb-4efc-a4ef-fab3298d1e46,Watching Brief
3677cdb3-458d-4169-9340-9e50d3bd5f68,Trial Trench
36fbe664-e60a-40fa-9bb3-36b2a22a0a65,Desk Based Assessment
372c4578-b9bc-4fda-95ef-e0b6aedea615,Trial Trench
37389f71-8460-407a-986e-7061c423108e,Desk Based Assessment
377a3524-c281-4ef8-ab01-05c188c9f770,Trial Trench
37d3e9e9-108b-43c3-8fd4-a1ddc050d803,Desk Based Assessment
380ebee9-0140-4513-9504-030e007f05c8,Trial Trench
38180190-2696-4176-803f-624c66c1d1e5,Trial Trench
38592f15-c090-493f-9eda-60e04962c796,Desk Based Assessment
38726a42-fb84-4562-aa0c-828a0fea3e5a,Desk Based Assessment
387489fe-2a84-4238-bc2c-fc45c1882a9a,Desk Based Assessment
38e7a12c-b197-4107-baa5-22a5b0d3912a,Desk Based Assessment
3930bbd7-644f-483f-af91-c71ca9276c56,Borehole Survey
3930bbd7-644f-483f-af91-c71ca9276c56,Test Pit
39557af9-8864-49d7-ac81-40ff3d5c3174,Open Area Excavation
3a15eefd-883d-4b56-bf9c-4054c693c677,Building Survey
3a422170-ae4a-4f8c-a0e5-6bc218876eba,Watching Brief
3a9f5bd1-590d-42d5-9228-8aadcc3bddf9,Excavation
3aaa7403-f8b3-491b-b755-fd6cf19fb9e4,Watching Brief
3aafb7fc-a1c7-4316-b5fe-57271cec1e47,Desk Based Assessment
3ac781fb-bd88-4d56-929a-3464b6d7ac94,Desk Based Assessment
3b1a1998-d81f-41d2-b6d1-95195110e488,Watching Brief
3b1a5950-066f-4541-b3eb-7ed8f5dcf6fb,Watching Brief
3b34ca9f-c5a2-4c6c-bc0c-492cbe00f8fe,Evaluation
3b36117a-eff7-4202-b9b6-c143eba63bc7,Excavation
3b4011dc-2b75-465b-afaf-5d588dbe5f58,Trial Trench
3b70ed37-d816-4b97-83bc-4c05a9c7cc7f,Desk Based Assessment
3b7f06b5-6e6f-41b7-b75f-bc70f78e4044,Trial Trench
3bb1c979-8606-45a3-8572-64e95173f1e9,Desk Based Assessment
3bd79ed5-c399-418f-a74f-f5e573b60d2a,Desk Based Assessment
3be00332-7fe1-4957-ab47-0d0e2fcc280a,Desk Based Assessment
3bebccb3-16d1-46f8-98cb-267d64a15615,Trial Trench
3bff72ce-544a-42e9-98eb-2e35a39eac00,Desk Based Assessment
3c070b0d-6ede-4437-8fb2-43412e254a33,Watching Brief
3c8cd91a-147f-4263-9446-14d94eea5699,Trial Trench
3c9a1f36-5bc3-4522-94a8-e3e5c72beddb,Trial Trench
3cde7831-afde-48f2-b234-4e1ae646e5ae,Trial Trench
3d028562-78d0-46eb-8bbe-a35f3018f046,Borehole Survey
3d02e7f9-6414-4445-b961-cb51aeaf4303,Trial Trench
3dc706dd-d662-48b2-ba7e-d643456c22b0,Desk Based Assessment
3dccb4ef-6caa-45a9-b4d5-6df32a971d3f,Desk Based Assessment
3e97c5e3-ce23-4322-a37d-9a98035bb9e1,Evaluation
3eb49018-66e3-4577-87c8-1571457f2a96,Evaluation
3ef70b68-d0dd-4551-af11-11ea59be17c9,Desk Based Assessment
3f1b3fc5-d751-43d4-87a1-8a8e1da803e7,Trial Trench
3f81edbd-9e0f-4cf6-9468-290f507a741c,Evaluation
3ff463ac-7903-421e-a458-e464993385d6,Watching Brief
3ff463ac-7903-421e-a458-e464993385d6,Open Area Excavation
400551af-364f-4aec-a0d4-be4850999ff1,Desk Based Assessment
4014ac61-a836-4c6b-bd01-407663a6ba3b,Building Survey
4051b811-1d30-4680-832c-bffaf047d320,Desk Based Assessment
40705be6-fc09-4457-a4b8-53cd1125e816,Trial Trench
408a6fa1-061c-419a-b732-c7981f3b05e9,Evaluation
40c58c81-46d0-4f5b-8c96-7f4c5a34550d,Borehole Survey
40cb43cc-a66a-47ca-adde-bb3aa9b0d950,Trial Trench
40f2ce7c-9069-4d2c-8e46-af35d5c0fbf4,Evaluation
4114b6e8-0346-4001-ad4b-0829a58fb964,Trial Trench
411f19bd-8e6a-42f8-a510-16861cba942c,Trial Trench
413563c6-d470-4510-8885-b6a9fa15fda4,Trial Trench
4142dd0e-5afe-437c-b4d2-4ff9dc456880,Trial Trench
418fdf29-0f04-4c54-875a-9830be487fd6,Photographic Recording
418fdf29-0f04-4c54-875a-9830be487fd6,Field Observation (Visual Assessment)
419c9436-8305-4dec-91e7-87bf1193bb6f,Trial Trench
41a4675f-8346-4421-bb2f-c1741fa799b8,Desk Based Assessment
41c98811-33b3-4aed-97c3-f36755730377,Watching Brief
4239dfaa-739d-43d5-8091-7a8dfb94ef09,Watching Brief
425917cf-5b4a-4f35-8a7b-5440b288cbda,Watching Brief
426cbe3b-72dc-4425-891c-3220a4e1ad9d,Trial Trench
428ce366-b6cf-4b86-a986-a7724a6ff478,Trial Trench
429a9078-d80b-4706-be03-af2e8bfa1826,Desk Based Assessment
42a351df-587a-4329-ba09-916a2d41d192,Trial Trench
42a3a660-5d88-494b-bcb7-ad01a262467a,Trial Trench
42aff33e-b03c-4eda-83b9-b6fd96760284,Open Area Excavation
4329e4b2-b0c3-483f-aca2-70dcb3a8d0ab,Trial Trench
439abf84-7ff3-4388-b223-7661ab3366a6,Watching Brief
43a8523c-c9c6-4b12-b241-26d00e91a59e,Desk Based Assessment
43bb126c-a595-49ab-b8f7-c0fbfe9677c9,Desk Based Assessment
43ee9dc7-e1b5-4e1d-84d4-b6c5daabbfef,Trial Trench
4417841e-a215-418b-b950-2520d361dcc1,Trial Trench
447f0940-f3a1-456e-be6c-96ddc5176280,Evaluation
4482492e-8a41-4bbe-9516-4e0d77f4230e,Trial Trench
44827ab5-fc10-4ca7-9a00-6fb8d6ef7d94,Desk Based Assessment
44a908bf-6065-4ada-bae7-85d1c5b7005d,Trial Trench
44b25d3e-af83-4961-b55e-0b40e990f5fa,Trial Trench
44b633be-9ac6-4c9f-8772-5cf1589f30c0,Watching Brief
44b633be-9ac6-4c9f-8772-5cf1589f30c0,Trial Trench
44b633be-9ac6-4c9f-8772-5cf1589f30c0,Strip Map And Sample
44bab06a-1ecd-44de-ba72-56d3d996c697,Desk Based Assessment
45cc9a8a-b2a8-4c4e-8cfa-07300db3dfb5,Excavation
45cee3f6-7563-47af-ad99-aa44b8f00a7d,Trial Trench
4661862d-cc83-4fc3-9b50-0032bf4f3fd8,Watching Brief
466f8f4f-efba-453d-81aa-aa4263ccba31,Desk Based Assessment
46966c89-a230-46d1-a324-577cf38b2463,Desk Based Assessment
47dffb79-3822-4b7e-9949-e0dd6a5dbf4e,Trial Trench
4871338b-44d7-4dc9-8138-60d366cbbd68,Trial Trench
488c1625-6204-4b75-a05b-e0341763e8f5,Trial Trench
488c1625-6204-4b75-a05b-e0341763e8f5,Borehole Survey
489f923c-e4a9-415f-bac5-0f872dc38794,Trial Trench
48b0aa55-2f95-442c-bce8-33b329e9368f,Watching Brief
48b40ec0-d604-42bb-8324-33db11f90768,Trial Trench
48bb2b1b-58b3-4398-a017-dc8c7121a2fe,Desk Based Assessment
48ced665-bd27-47f2-ad22-a886ae507851,Open Area Excavation
492bdc0b-f09d-44f8-ba28-95afddffc52b,Trial Trench
493d0ca4-649e-4f24-9659-7f38db57fa4e,Trial Trench
4945871c-3bff-46bd-87b4-4a2dbd93bc71,Watching Brief
49593dd6-a61e-4702-b977-897433f47438,Excavation
4974f7ed-807e-455d-8530-0738b2fdeb22,Watching Brief
49c1656d-cf3d-4409-92d1-becfd89e336d,Trial Trench
4a09d4dd-5e74-4597-8dc8-aba22bbb67bf,Trial Trench
4a117b79-56b5-4f3f-8ea5-8013337f7b58,Watching Brief
4a3a8d81-973c-40ab-82f0-f3f176348bcb,Geomorphological Survey
4a3a8d81-973c-40ab-82f0-f3f176348bcb,Borehole Survey
4a53b3f3-5c5e-4264-ac09-9504c68fda8f,Watching Brief
4a53b3f3-5c5e-4264-ac09-9504c68fda8f,Evaluation
4a99bb1f-0f34-4b32-952c-62fbe0230ac8,Desk Based Assessment
4abd0704-34d5-4cee-a52a-c0325eef8fd3,Trial Trench
4abd0704-34d5-4cee-a52a-c0325eef8fd3,Watching Brief
4b13cf8f-d059-41c2-8584-214c195c072c,Trial Trench
4b893409-c5ca-46e7-841d-d52fbb1da97a,Watching Brief
4baa2098-ac0b-4335-8cc5-dfbab5066219,Desk Based Assessment
4be7791c-0da1-4482-9423-08ac065e2f96,Watching Brief
4bf58b0b-c8e0-4da9-84bd-d834d6d1471d,Desk Based Assessment
4c0fbf70-1ac8-49ef-b2ed-6e2ba4140004,Trial Trench
4c1572f7-1543-4c1a-b89b-b3031dfd1749,Trial Trench
4c367f3a-b523-49ad-b016-9a20d5e5fdfe,Trial Trench
4cc185e6-878c-4ce4-a051-400846e6bae0,Open Area Excavation
4d32a297-f363-4ed3-8ca8-c6faf481d670,Trial Trench
4d5e393d-1c09-4232-bc1d-10f2df0cc16a,Desk Based Assessment
4dbf545d-bd8b-4365-9297-ff804615167a,Watching Brief
4e283ff0-3622-4529-b5b9-7689bfaf34c0,Building Survey
4e283ff0-3622-4529-b5b9-7689bfaf34c0,Photographic Survey
4e3fd2f8-4321-447b-8035-3a77fc695030,Geophysical Survey
4e5dd7ed-ccc2-48f9-bb58-f92ee6e34de2,Open Area Excavation
4e71ba64-be17-4f0c-b3a5-c1f4f3a202bb,Trial Trench
4e8f3414-a149-4a7a-9777-8f8cbdaf5f23,Excavation
4e95dfbd-b0b4-4d47-a463-b45cb64936de,Trial Trench
4e98b906-c23f-40c6-97b7-b85d51e760f9,Trial Trench
4ebe67a6-3659-492e-b2e3-24e5244ec4c8,Evaluation
4ec397cd-437b-4ad2-9a7c-7ff2da43e63b,Desk Based Assessment
4edd5587-218b-4480-88ad-cad3129ddb15,Open Area Excavation
4ee19e28-ca63-4628-95ba-79734ac1b7fd,Desk Based Assessment
4f31a4dd-1833-4899-9112-d47016e2f6d0,Desk Based Assessment
4f41f5d4-c9be-4ea0-9a0a-c78aa3255dca,Desk Based Assessment
4f4ac733-32c5-4bdb-97f4-8119b805d0a4,Desk Based Assessment
4f8b1531-9ed1-4823-930e-7ec974541f59,Excavation
4f9db129-9142-4653-ad5a-14f0df3a21a9,Watching Brief
4fb8e559-7704-45d7-9302-761cedf97745,Excavation
4fcc4bf3-8700-43a5-adcb-dfd9ef6ab017,Trial Trench
504c8ddd-ce73-44d6-89b3-07af70faf81f,Watching Brief
505ee222-30b4-4a61-b69a-62a2ba0b9bb9,Excavation
50b875cd-4b0e-4de4-86ae-285736cb7486,Desk Based Assessment
50cf0b6c-92b4-450d-bd14-6fdd232e6b59,Watching Brief
513f1a99-2d35-470b-9477-a227c7828960,Rescue Excavation
513f1a99-2d35-470b-9477-a227c7828960,Trial Trench
515ea599-a725-4a79-b2f2-88f1b686bfe7,Trial Trench
51b4048e-adbc-49ae-946e-697c2cca2b98,Desk Based Assessment
51bdf53d-8cb3-483d-a4f8-b6bcf21b4d8b,Trial Trench
51d96fd8-2f4e-4fe1-84bd-9b4abac06f73,Trial Trench
5212f3df-2ee5-4724-92cf-f15ea56425f6,Evaluation
525bb2a5-0e3a-4b12-a1d7-2007f3025325,Desk Based Assessment
527967e4-d0a1-48d8-9e07-739f65e819a0,Trial Trench
52a1d2d4-3f85-4098-9571-16713afbb6ca,Building Survey
52af8a41-7301-4ae0-b701-20e02eaf6cfb,Open Area Excavation
52e5e824-b847-4a46-a8c1-f44e0934fe77,Trial Trench
52ea6b28-7037-474f-a0ed-07314682ef09,Excavation
5305704e-66f7-457a-9467-145a0258afea,Trial Trench
5337a286-01d3-4edd-9237-567ab1f7c054,Desk Based Assessment
533e66c5-fe34-494e-a408-71f8586dcbf3,Watching Brief
53c3ea54-50c0-4d42-8f5c-6e6dc065cab4,Trial Trench
53d35100-b0b6-4e96-b014-bc511d99d1e6,Desk Based Assessment
53d3768e-9816-4f0e-a9f9-cf5ffe042f98,Trial Trench
54178bfe-c2ac-4870-a1cb-661573db1ab8,Environmental Intervention
54683a8b-c874-4313-b78d-811ae61eebaa,Desk Based Assessment
547c3043-5522-4949-9a87-168eafaf1638,Desk Based Assessment
54a71bfc-2375-4e43-9837-d37a08ce2b42,Trial Trench
54af2a9c-0b3b-4149-9433-c245f47df4c2,Desk Based Assessment
54c2829b-066e-40e1-a439-417e0d718eb1,Desk Based Assessment
54cc63f7-0793-4020-b26b-0071b5831b9b,Desk Based Assessment
54d354c8-5f7a-4cff-a8d6-41e6fd3e64e2,Desk Based Assessment
54d924d6-7ad0-4058-97af-7056177742b9,Trial Trench
54da734e-c7b4-434c-a94b-85ee419a1fbc,Evaluation
54ec3810-41a4-4581-b341-0aaac702df65,Trial Trench
54f6afaf-2099-44f0-9a35-abe2e529b183,Watching Brief
55437131-c9d5-4f9d-a6f3-5d1b5fe17c9b,Watching Brief
55bdec5c-78f5-4570-85dc-013135198a15,Open Area Excavation
55ec70eb-f8d4-46f9-a644-d56a1f14a4d6,Trial Trench
55fd6934-67d7-440d-86f1-7e1b6886a5fe,Trial Trench
561d108a-5483-4952-9291-ff8074b2b593,Desk Based Assessment
56572e5c-4453-4390-86aa-643a9663d426,Watching Brief
566253d8-e338-4082-bbda-32c339e4530b,Desk Based Assessment
56a57e7d-b451-4167-9b09-b1907dff4a70,Watching Brief
5726dd2e-41e8-4939-913b-b4826e6077f1,Trial Trench
5741ad6a-3e59-4116-91bf-62b0e4b79a4f,Evaluation
577e605a-5f69-4203-95de-ccc44b75291d,Trial Trench
57ad2cbd-b648-470f-ac28-12f31d817edd,Desk Based Assessment
57fe502d-df57-4f5c-a5ab-c23d89d2c0cd,Desk Based Assessment
58003baa-c4ec-403e-b7fa-e26fa5c7a7ee,Desk Based Assessment
581301bc-7479-47c3-94a5-483f6baec0c4,Desk Based Assessment
58175919-5993-4ec7-ad86-8857ce255b01,Trial Trench
584cacac-0a34-4355-8899-695f0ba02aee,Trial Trench
58884433-9183-4914-bb81-7de670ae2abf,Desk Based Assessment
58894d78-5221-4380-920b-908c6e2224dc,Watching Brief
58b20383-ddd6-4302-96c2-856107ff67bc,Trial Trench
58dd0c23-dc06-496b-b20f-4c14c5824fbf,Watching Brief
58fff022-2655-4d21-b8f2-2463b6259f3d,Desk Based Assessment
590a2a82-d717-418d-938f-bd658029159d,Open Area Excavation
593f1951-18ff-48f3-8153-64c710cff9d0,Watching Brief
595c131a-0980-494c-8dc6-de429a0990b0,Desk Based Assessment
59828720-d360-486d-8652-ca5bd75e65e7,Open Area Excavation
59a3dcfa-ebca-4184-8e2b-7cc94d644047,Test Pit
59fddb75-4028-431f-b756-a1c72271c4e1,Watching Brief
5a33318a-80b6-4225-81ff-7c693a0d8718,Historic Area Assessment
5a4d4084-5753-4c89-8d46-35bcc5e5c949,Desk Based Assessment
5a5434bb-d19f-4b3f-a9f4-9670cf9246a5,Watching Brief
5abe9f55-64ae-4260-939d-da33e7141dca,Evaluation
5afd1016-401a-47bd-bc4f-0c46620316b6,Underwater Survey
5b5e5c7c-f634-42e2-a8eb-2dd1206ff00c,Desk Based Assessment
5bc04d84-7710-49f2-b6ad-e86a1759ae4f,Desk Based Assessment
5c16f13d-1ef3-4424-9f2d-c773edaf13fd,Watching Brief
5c3ab2f0-68d7-4fd8-b99c-350d8835aa9b,Trial Trench
5c42ecad-1826-4698-b46b-f4fc28b75c6c,Trial Trench
5c5673af-7ea3-48f1-a47f-cfe534c9abf0,Auger Survey
5c694dbd-6b8e-43c1-8645-ec3d7ba86ab4,Trial Trench
5cad8593-98f0-4106-8199-8da250d377ad,Desk Based Assessment
5ce49b6b-a241-4ede-b093-84cf546da6f0,Open Area Excavation
5ce4c29e-cfd8-4fba-a06b-0c1d8cd7c211,Watching Brief
5cffc39e-9b9e-4f6f-a9a0-3c860c7b6d15,Desk Based Assessment
5d2ee3fa-695a-465c-9c0d-9195f9c111d4,Desk Based Assessment
5d371271-dea4-4344-862a-35eb21f6b088,Watching Brief
5d8e7d12-996e-425e-8448-2d42da1e2d4f,Trial Trench
5dead82a-5e5f-46d9-aa57-8700a5536796,Evaluation
5e55f034-e661-40bc-a430-4a4e01586eba,Evaluation
5e776b4a-93b3-4249-ab6f-d5ce7a20dfe9,Desk Based Assessment
5f2e7a43-613c-45e1-9159-80b480e1c302,Evaluation
5f36dd2b-52d4-4b1e-bdaa-652631c9d642,Desk Based Assessment
5f4621a0-3c50-4126-bf9d-0de8379b64af,Watching Brief
5fffdbbf-6aaa-4a38-9a87-dcf09f44dced,Desk Based Assessment
60288866-87b7-4a48-b004-4f9cf2341729,Desk Based Assessment
60ec0ad1-e307-4f7b-9389-7d88c639636c,Trial Trench
6111d2b2-c1a6-4044-94fe-49999c7b13f5,Trial Trench
615293be-a75a-4630-bd51-8a5b4c285b24,Evaluation
6154bbfd-6acf-4f36-bb36-f542bacfd1a7,Trial Trench
6165ba35-51dd-4bf4-b747-05034d822210,Trial Trench
61789497-a918-49a0-8f12-09a4550591e4,Evaluation
619fe10c-1ccd-4014-bd61-bc8fdbedf6e0,Timber Sampling
61d3a667-7f4f-4a56-843a-b3b8cd4ffb05,Trial Trench
61d6d72b-2d7c-45b3-8489-e2371b03788d,Desk Based Assessment
62249bde-b4ec-487c-a33e-2fcde13d5173,Desk Based Assessment
622f0476-f122-4aee-b181-669e6d9cd4bc,Desk Based Assessment
6231f163-3f87-461d-9017-c33664a34a58,Watching Brief
626e8e17-84ab-4c91-b0c4-e60cf0110069,Watching Brief
6311d410-1c51-4c4a-9a3b-cc87935b6342,Desk Based Assessment
6354652d-d691-4ac2-a703-3defd8533970,Desk Based Assessment
635d5b57-4a7e-41a8-8b44-784407526f6f,Desk Based Assessment
6362b8e2-5c52-4f38-8350-cba328da84ed,Desk Based Assessment
63a927d8-7995-46fb-9dfc-bcc04e49c010,Borehole Survey
63a927d8-7995-46fb-9dfc-bcc04e49c010,Core Sampling
63a927d8-7995-46fb-9dfc-bcc04e49c010,Geotechnical Test Pit
63a927d8-7995-46fb-9dfc-bcc04e49c010,Ground Penetrating Radar Survey
63a927d8-7995-46fb-9dfc-bcc04e49c010,Magnetometry Survey
63a927d8-7995-46fb-9dfc-bcc04e49c010,Electromagnetic Survey
63a927d8-7995-46fb-9dfc-bcc04e49c010,Geophysical Survey
63c387eb-abb4-406a-875f-29f752774446,Watching Brief
642122a1-aa92-4bb8-ae9d-553c4ea91b67,Watching Brief
644afb16-6d3f-459b-b5b0-308f151ad0ac,Desk Based Assessment
64869066-f09a-4edf-aa37-df2817265629,Excavation
64ff194f-3e0b-4f5f-80ee-68c86b1bb8ca,Evaluation
65046cc3-1ed9-4a45-861b-44a96e482c70,Trial Trench
659785ee-9dda-4448-b721-178efad5e731,Open Area Excavation
65c8ab7c-f00c-4cb7-9359-4575f8712209,Watching Brief
65d8874e-323e-4a33-9d15-cfd6380d50d8,Open Area Excavation
65e506fb-0bcb-4b84-b352-78e142a9f7f9,Evaluation
66599170-438b-4526-861d-e219f4eae32c,Watching Brief
665d7c2e-c4af-401e-8e79-14875b84397a,Watching Brief
666dd5a8-b8d4-4bdf-b3ac-453d015bba83,Building Survey
6687f6a7-03af-44a0-b8c3-b5b043ca872d,Auger Survey
669cc97f-a935-45f1-b013-4ef48a8e9a3c,Desk Based Assessment
66b021b0-1de5-420e-98a5-6d8198ddf06b,Trial Trench
66b759d3-ce4a-46a2-935b-71bcede94cb7,Borehole Survey
66dd9aa3-d491-4dc6-8f60-c17ad6cc5bb6,Trial Trench
672e1017-de59-4a44-8179-edde0e44c2be,Watching Brief
67501500-84be-4c33-9fc3-b2a80f2343b5,Watching Brief
677e4c98-962d-4e1d-9197-9c797ef21378,Evaluation
6794fd20-e4c5-40cf-aca8-936fa4e020e7,Desk Based Assessment
67bc1ed0-8fcd-4d34-90bc-044906e962fc,Trial Trench
681a3251-ca72-4d5b-9926-093d8d54a410,Desk Based Assessment
68234faf-8004-4fb4-aa9c-45e068cf3004,Watching Brief
684ec7ce-ddfe-45ae-b39e-b57cb2344364,Trial Trench
692c1ea2-3f3a-477a-b1aa-ac7296fc0dc6,Evaluation
693beae2-3c3f-4176-920e-1b2193d194da,Desk Based Assessment
6946e98e-a39c-4f46-9cb0-25c643776e21,Trial Trench
69493df2-c578-4099-8025-3554eab3abbd,Trial Trench
6a5b8b40-8422-4a9f-b17d-450648d93cc7,Trial Trench
6a66f50b-0c26-4487-896a-26d8e7f71dbb,Watching Brief
6a69f698-08b0-4d79-99df-edd841f72169,Desk Based Assessment
6a71be1f-9aa7-4fa9-bf6e-8c2109f4db88,Desk Based Assessment
6adc77d1-d058-4ed4-8a7f-1e67ace4d5f5,Watching Brief
6ae5304f-0899-4f74-a18b-5778f95de2e8,Watching Brief
6b3a2c7d-f68b-4e8d-b150-11f7d4bd8ff7,Evaluation
6b53d53b-a9fa-407e-849a-fb768d911025,Desk Based Assessment
6b9ed1d2-f96a-4bfa-ba10-86f284f506df,Watching Brief
6be5268a-4a80-4c88-8527-ffbf978e4152,Trial Trench
6c17c17e-d31d-41ef-ac3d-694237a5f2c5,Watching Brief
6c44a90e-7e2a-4c8d-915d-368e2a6096ac,Trial Trench
6ca1303d-4e81-45a2-954f-7cd2f7762f06,Trial Trench
6cbf5a7d-1ec6-4430-a213-28e0da5904ab,Excavation
6cd9b2c7-bddb-4a4f-b5f2-30d8b8158741,Desk Based Assessment
6ce17990-0e7b-44d4-9ff8-d439badf99e7,Desk Based Assessment
6ce9c5c3-bbbb-49df-9947-51236050a57c,Building Survey
6cefdabc-0b38-4cf7-b191-a0e318299715,Watching Brief
6cf974a7-0351-4f40-a2fb-e2e629e4e4b2,Trial Trench
6cf974a7-0351-4f40-a2fb-e2e629e4e4b2,Auger Survey
6d0365bb-349b-4999-80a4-692031f17e88,Watching Brief
6d3b1f89-872c-40e3-b57f-dc7a045224d4,Desk Based Assessment
6d537967-e351-462d-af4b-ac69c990dfa3,Desk Based Assessment
6d669a81-ee8e-4819-a2f8-442d6d500edb,Watching Brief
6daab4d7-0b9f-4bab-bf8a-9757449503b5,Trial Trench
6dc1e065-2c66-473f-ac86-4d217daade8d,Trial Trench
6e86257c-a108-40d8-b20d-020146ac07a0,Trial Trench
6e8e9514-4e80-424e-a167-0f39e00bdf9d,Excavation
6ecb81df-e93c-4e59-85ec-201b9c62eb3b,Desk Based Assessment
6ed9999c-cc7f-42de-a520-523704d8cab5,Trial Trench
6ee8bc76-b818-4faf-b06b-67af0b11f28c,Desk Based Assessment
6f2da1d8-89cc-40e8-b9d5-5da0fe757223,Desk Based Assessment
6f5d9267-fcf2-40d2-96b3-7f4f1230c7d2,Trial Trench
6f7fe174-0467-4275-b3a7-90e6c73e9367,Open Area Excavation
6fc3fd68-8190-4d9e-b602-4538798ccc9c,Trial Trench
6fd7936c-99dc-4561-8236-e7bb0a6019e2,Trial Trench
7050106f-e246-4f71-ba31-82002ba9519b,Borehole Survey
7050106f-e246-4f71-ba31-82002ba9519b,Geotechnical Survey
70718963-53bf-4183-8766-1087eada1f1e,Open Area Excavation
70719385-05cd-4888-8d70-6ba8f0e6f6dc,Trial Trench
70b5bac9-87fc-46c2-9fb7-8edf5fa8aa6f,Watching Brief
70fadd7b-8c6d-4d59-9a34-96abe1c5577b,Desk Based Assessment
715bab17-9525-45da-8569-3b413c5d8243,Watching Brief
71674bfd-1cb5-4507-9f50-57bb02cb5b0b,Desk Based Assessment
71740c4e-7574-4067-b1f8-82b26c77ef17,Open Area Excavation
71abc2c5-9f29-4bac-9d48-e3098e2e9a1f,Trial Trench
71eaee02-4946-42a2-88e0-477385cf7976,Desk Based Assessment
724e0180-c4a4-4586-8a08-d40de4abf809,Trial Trench
7252144f-7b1f-4690-b460-605143d8665c,Watching Brief
725efaf1-2240-45c8-be82-ed33301a294d,Trial Trench
726b50ed-cc2e-4c73-8e52-59561ebf259b,Desk Based Assessment
728ef833-25c5-441a-81a8-691674838fe6,Trial Trench
728f594a-2c7e-40fe-b16f-0d9a0416034f,Test Pit
728f594a-2c7e-40fe-b16f-0d9a0416034f,Trial Trench
72a9f775-e0c4-4a2c-8824-094540e3cd6a,Desk Based Assessment
72c35384-6554-4e30-af53-5adef919aa3f,Watching Brief
72d24569-5dfe-4196-8d27-d8179f0a842a,Trial Trench
72d862d0-face-476f-afe0-e2e4fc4aa556,Desk Based Assessment
73023f3d-7be4-4ba4-9518-847bfe033181,Watching Brief
73113264-f4ac-4ec6-98d8-a18ac2ead552,Watching Brief
7351db7a-80b5-42f5-a81d-fc445dd5b9e8,Desk Based Assessment
73b044d2-56ef-4273-bf3d-9abc08a0d881,Trial Trench
73f7023d-3698-4f21-a427-77150beb33cf,Desk Based Assessment
7414a83b-0b4d-4fc3-80be-5cff7bc836bf,Trial Trench
74602cdd-95d7-47d2-b09e-005d45f0fb3f,Watching Brief
749307bb-a377-485d-afad-860b2246cba4,Desk Based Assessment
7499299f-c4e9-4fac-bc98-04a67f1e093e,Desk Based Assessment
74f406b6-cc81-46f3-af5b-4a74a6052e57,Trial Trench
7513b9f0-2243-44e9-a6a9-8d410a081e80,Trial Trench
75495fa4-7419-4a61-852f-eeaeb6bc7f27,Evaluation
754d4a34-7453-4311-84c5-c66a1bec054d,Trial Trench
75bbec7a-3b71-4ce1-a9de-c44dbd1becb2,Desk Based Assessment
75c9870a-0bd7-4e27-8949-ba394383b39b,Trial Trench
75e6a84b-47d8-4919-a065-244dbf850f7a,Desk Based Assessment
75fc26cf-3f98-42eb-b206-37f6d5c2f27e,Trial Trench
75fc26cf-3f98-42eb-b206-37f6d5c2f27e,Auger Survey
75fc26cf-3f98-42eb-b206-37f6d5c2f27e,Watching Brief
75fc26cf-3f98-42eb-b206-37f6d5c2f27e,Borehole Survey
7646fa4b-89ea-4138-a82f-b5b3ba389d64,Desk Based Assessment
76d85074-8b28-4f54-a3f3-eaa2a1690e7e,Watching Brief
76dabe7e-6c28-4095-8ecc-b3b2fa43b267,Trial Trench
76eb2ef0-eb4b-46d6-a194-419ec806b0cb,Watching Brief
77390e90-971e-407d-ba6a-8c819a7dd8ce,Excavation
7759ea0a-1d53-4db2-974b-f1b465994397,Watching Brief
779710f8-c531-49ef-9064-8601949d39f9,Desk Based Assessment
77bdc20e-4eaf-422d-ae13-139f3476285d,Trial Trench
77f85864-72c6-44ca-8c86-151d2286b334,Desk Based Assessment
781a9b0f-f13f-454f-aae1-fb27faee3f0a,Desk Based Assessment
782c5941-02d4-498c-97b9-6f50d51b50fb,Desk Based Assessment
78393538-d851-45e4-af23-7058b15a4524,Trial Trench
78393538-d851-45e4-af23-7058b15a4524,Watching Brief
785bfb8e-c5e5-485b-a98a-a9ae5b283cad,Evaluation
7915ff1f-4c23-41d4-82c4-a893267ac0bb,Desk Based Assessment
79472da1-8846-4fd9-824c-8dcaf5d6c0d8,Test Pit
794b4764-fa09-4ead-b3ef-394781de06f0,Trial Trench
795c00a3-4a79-4ba5-8466-1a6fd5346db3,Open Area Excavation
79ab5043-a3d8-428c-b928-d568ec89b746,Trial Trench
7a455ff4-1735-4bb5-af94-4e01c55c0324,Trial Trench
7a6d51b1-a970-4204-855e-2e39baac3f47,Watching Brief
7ac67658-750d-4f48-b01c-46000a874b03,Desk Based Assessment
7af16d45-0b3e-41bf-90ed-fee99677a681,Desk Based Assessment
7afcfc30-b08d-4852-bd44-8d41e6e13760,Open Area Excavation
7b4976ed-7262-4c6a-addc-67c2c2bca81e,Open Area Excavation
7b530cca-3826-4037-bf2c-d06760c86d47,Evaluation
7b70108d-4186-4750-877a-ae6ed8b4cabb,Trial Trench
7b9b77f6-770d-4a9b-8882-a01528d30e75,Desk Based Assessment
7bd1faf0-05dc-4acd-a4aa-f037518c69b8,Desk Based Assessment
7bf325c3-f4a4-4476-9c5b-7c13e3eac4af,Trial Trench
7c3af658-6b45-444b-afc1-a5f5cf9ea672,Desk Based Assessment
7c74ee43-79fa-49ef-bdcf-1731a245421f,Excavation
7ca19db9-9fea-40bf-91fb-c52c9bc7db78,Trial Trench
7d21bace-e5de-4269-98f3-6254a1730053,Watching Brief
7d5a77ed-f26c-4922-bb36-0468be80e330,Topographic Survey
7d62e99e-c279-43ca-b14c-8f9170d16925,Excavation
7d71d988-3330-42cf-9033-62baeb47d387,Watching Brief
7d730c4d-c1d6-450f-9f5a-5aa883dabb23,Trial Trench
7d8ca3c8-de8d-45d4-815e-c202f655ff68,Excavation
7e3b2ed0-6890-4e30-82b0-6728d3bc051a,Trial Trench
7ea5b59e-8dfc-4edf-840c-4807c2e49c96,Desk Based Assessment
7ed87add-fdba-49ed-8865-00b7bf598f8d,Desk Based Assessment
7ee3d333-b653-4dac-ad06-85d7bcbbe09a,Evaluation
7f2397ab-fce9-4c28-858f-7b33a301a210,Watching Brief
7f6c3bcd-52ec-4717-8dac-6c8d4a4478c6,Open Area Excavation
7f8ffa91-ebf1-4f2a-b7f4-beabe2162202,Trial Trench
7fc5f101-cc2c-4752-81e5-16588d9651e4,Field Survey
7fd11dc9-1309-4e2f-a725-6f7be45cb6db,Trial Trench
7fdb16a1-d0b4-4e51-bb60-1ca24b6f25e4,Trial Trench
80216741-1b35-434b-801e-49ea1099be2f,Watching Brief
80239db7-2c01-4541-8808-26ccd2cc7218,Trial Trench
805b2350-64f5-4ab3-85a2-1ac19840d300,Trial Trench
8061bbac-b8fb-481f-a0d0-943a7cd02c4f,Excavation
806a9f56-1776-4799-b1c0-07360319681c,Historic Area Assessment
806f57f9-fb4e-4b01-b831-044d31462f8b,Trial Trench
80856c2b-21aa-48dc-b798-aa17f6207c3d,Trial Trench
8092e29e-75d6-498b-825c-058119e8d69f,Watching Brief
80c6cd56-1834-47fc-8949-8f77dd93151c,Open Area Excavation
814e82b9-d83a-4bac-b926-62072ea22d3c,Desk Based Assessment
8175a1d5-1eff-4fc5-a364-2138d5480faf,Desk Based Assessment
81ac521a-c933-489e-a928-f79fce0c2422,Trial Trench
81ac521a-c933-489e-a928-f79fce0c2422,Environmental Intervention
81f86992-45f7-4869-81f4-2c47e5006250,Trial Trench
81fcb50a-8b35-4f70-b436-8f41f3bf5525,Trial Trench
82306ef1-8a42-4165-b06b-50d2a746ceac,Trial Trench
8268612c-7f2a-45fb-9e8d-5c8d7e984137,Excavation
826c3990-6f91-4e27-b436-007bcf87ce2b,Desk Based Assessment
82b05bca-ed08-4dd0-b7cf-ee2655986fe6,Desk Based Assessment
82d92b17-12b4-4744-968e-88df7ed0cc3d,Trial Trench
82dbef24-9e5b-463c-84ff-d3d3c60ed258,Excavation
82e575df-e19b-4afb-9b75-a8b0bbd47676,Desk Based Assessment
82ecdff8-09f4-48ba-b862-ef1a36932625,Watching Brief
837b7668-5a81-418f-a415-d3ad9c15827a,Excavation
8444388e-1d28-42b3-ae7e-7f807aa5132c,Excavation
84844411-5adc-4794-a777-340ac0e683b3,Trial Trench
849cef3b-3e0d-4519-a853-905d251df628,Desk Based Assessment
84d7b1e7-cdf2-4fdb-8d36-29ed215ed629,Trial Trench
85234db6-7387-4a3f-9666-7be862e71384,Trial Trench
853057e8-2a1a-4e4b-bf06-ba38cc27e3fc,Trial Trench
853df094-86c6-446a-99a3-02f9a2a14436,Desk Based Assessment
85401f51-8658-4f01-ae08-9888bdcbce83,Desk Based Assessment
8555f2cb-652e-4e84-b754-d2b3fb8b368e,Desk Based Assessment
85b546f9-bd58-4afe-abed-c545f72ef717,Building Survey
85c9e5bf-c551-4ba5-ab6a-5498db28a88e,Desk Based Assessment
85d4d8f3-219c-489a-b012-b83ff2940e8f,Trial Trench
86916e3a-ca2c-449c-b8ae-a0daef25392e,Watching Brief
86b8b35a-8a5d-4888-8a37-28e3ef8c99da,Watching Brief
8720dc9b-270c-41a7-836b-3824c6b686b9,Watching Brief
8728b89b-05ff-4947-8998-072cd3040a3c,Desk Based Assessment
872ebbfd-33cc-46f5-ad2c-c522ed8c2fbd,Watching Brief
87b8a6d1-5767-46db-beb9-baf90e2dfb54,Desk Based Assessment
87c6eb65-eaf4-435d-aa60-dff36d695184,Desk Based Assessment
8811f16d-2bda-42d0-8437-fa4e7a3e153f,Trial Trench
881f809a-04a3-4d76-84b7-8f28c5ebaf62,Desk Based Assessment
8848aacb-4468-45c7-8e2f-bd184732a641,Trial Trench
8865179c-f7e7-453c-babd-9fb22537e51b,Trial Trench
8892b3e7-5b37-457c-80a2-a18aa89024fd,Trial Trench
88c801f3-a1e3-41f7-9cbb-647a1a83b2f2,Desk Based Assessment
8928e3c1-49bc-4149-a1f3-b7b97ad7b901,Desk Based Assessment
8965bfd2-d7c0-420f-b8e5-3d4174765c0c,Building Survey
897cba3c-e2a2-4dd5-8d9b-be9809c258d7,Desk Based Assessment
89a830bb-86a8-4ede-89d9-4d58b7253218,Watching Brief
89d305bf-4ba4-47c6-9b43-13d8a28040a7,Evaluation
89f81765-da08-4670-9d30-775f5729921b,Watching Brief
89f839d1-44bf-4a7f-b3f6-493ba212cd84,Trial Trench
8a2a6fb3-e7b2-497f-a768-93821fd93b1f,Historic Area Assessment
8abd1837-fd52-4824-91ee-fd78ad1ad447,Desk Based Assessment
8afa4bda-2c25-46c6-8043-173d2f6cb003,Trial Trench
8b0094d7-8518-4b98-a6e1-4766b88c6d42,Trial Trench
8b009989-193f-4c1f-91b8-1e8587372137,Desk Based Assessment
8b18dfc3-039e-40ff-8e60-f9b94c0c2403,Trial Trench
8b428404-5c47-4368-b9dd-2a5c9f1f3df1,Evaluation
8b7093c5-0f59-49b2-8c6c-042b427a88c3,Desk Based Assessment
8b846517-048f-4134-9e41-57676936dac4,Excavation
8ba5361c-0503-4560-8cae-8a2353cde466,Watching Brief
8be2c05f-7607-4474-b292-91d99efec706,Evaluation
8c1af018-2e0e-44e7-bb67-20507a1cdc4c,Trial Trench
8c909833-3092-4dfd-a42e-f6c23c57d318,Watching Brief
8caa2a48-be19-41c1-bfa1-8a9a9e5c896b,Trial Trench
8d619d3b-795b-4e93-9fd7-0799e889b726,Desk Based Assessment
8d95e919-b708-4907-8640-fd0519b8dce1,Watching Brief
8da488d4-6584-4261-9a1a-f08a6c278466,Desk Based Assessment
8da64432-b6a5-4498-a3f6-62591a75916e,Desk Based Assessment
8dce7390-bd06-4f81-98fc-f4697136a3cd,Watching Brief
8de85bd7-d985-490f-b448-8b71b2a5610e,Desk Based Assessment
8df5143c-1ddc-41d2-a48f-57ba89cabbf8,Desk Based Assessment
8e1c0fe3-832f-4d88-81be-3aa0c50d162d,Trial Trench
8e806384-9c1a-4175-af51-682c5a0eb71a,Desk Based Assessment
8ecf6186-946d-4ced-b728-0e93fff4976e,Desk Based Assessment
8efec4d4-8956-4fc0-8ecc-c923781c5f45,Desk Based Assessment
8f750a2f-baa0-462d-b077-79accd9862c5,Desk Based Assessment
8f84d756-194f-4115-bc24-305812217eca,Desk Based Assessment
902eec71-52ff-411f-9083-b98088995153,Trial Trench
9049658e-27ef-42b1-ac21-5fddb4fe3c99,Open Area Excavation
91078ba2-d885-412b-a076-053c970d2883,Desk Based Assessment
91622e47-3cee-4cb4-8cb2-d86315442857,Building Survey
91622e47-3cee-4cb4-8cb2-d86315442857,Photographic Survey
918557e4-4998-4af5-97bd-20063e456325,Borehole Survey
91e76928-eb97-4626-976e-3b1e78016a23,Trial Trench
923dadf7-585c-4427-bd25-c790221aa6bc,Trial Trench
92864f67-2fe8-42d2-a8bf-1274fdf1db5f,Trial Trench
92c43373-024e-48e8-ba0f-105e4421c50c,Geotechnical Survey
92c43373-024e-48e8-ba0f-105e4421c50c,Watching Brief
92cea491-fc56-450b-95d2-3b1c5e4e8b44,Desk Based Assessment
930069fc-7c6c-49f3-8cdc-489adeb6831b,Excavation
9300fc31-b3ad-4206-b362-e69b720811b2,Building Survey
9316362f-a095-49e9-9fdb-0a88a92576f5,Watching Brief
93dfac88-1999-460a-ba60-df473740a548,Desk Based Assessment
93f56268-c3ae-42f4-a27b-d3c5cb815324,Field Observation (Visual Assessment)
93f56268-c3ae-42f4-a27b-d3c5cb815324,Field Visit
93f56268-c3ae-42f4-a27b-d3c5cb815324,Salvage Recording
93f56268-c3ae-42f4-a27b-d3c5cb815324,Field Observation (Monitoring)
942d09de-515c-46b9-be3b-42374a5903d0,Watching Brief
9454d5a8-8fa2-4d40-94fd-cdd6b7f98b9d,Watching Brief
9474fe60-46aa-4c1c-a99b-9940c76a2489,Borehole Survey
948805fe-d879-4dea-9045-ee39a23ee2bc,Desk Based Assessment
949cbffb-02f9-48de-bdb9-c4f95f96bf03,Desk Based Assessment
94e4b8e4-bb69-4a56-8069-26706998ab83,Trial Trench
95270287-be81-44e1-8ef2-dce0e286c6f9,Trial Trench
957efac8-c50e-4814-a7e5-c6075c655dad,Watching Brief
9580e5df-c285-4998-820a-5e8115c0803a,Desk Based Assessment
9614c782-adca-4544-bc9c-50a89ff4abeb,Trial Trench
9622c076-301a-495e-9146-b886988d5d2d,Trial Trench
964781c9-2915-45c0-8082-35ffd9601c5a,Trial Trench
969442af-b5cd-4c99-82ca-8c0f92b9c318,Evaluation
973764fd-08c5-4095-817b-df6527c377dd,Evaluation
974fed18-c492-4f2d-a906-ff9f5ec39bdc,Watching Brief
9750aab0-169e-4a0b-a008-f1c2d7d46e5e,Trial Trench
9750b733-d01e-4f57-8b96-431f06f45c66,Open Area Excavation
97e92eff-0860-4e4b-adb1-28baae550916,Trial Trench
97ecf6c2-879e-48e8-acb7-a4284030396e,Trial Trench
97edcf58-2d55-4a87-8f0b-d0e6c57fb4f5,Trial Trench
9860ec78-5e27-453d-85cc-f66220b74f55,Trial Trench
98c4164b-9621-4157-bae8-ff5e815f195f,Auger Survey
98d0250f-dbdf-44d7-8942-9d4023f290f6,Desk Based Assessment
98fb4e23-f0ee-4581-88ef-a15de4becf57,Excavation
9957ff94-1f0c-48d6-803d-8dee32222fc7,Building Survey
996dcba7-306a-46b8-b3ce-b28ef9eb25d8,Building Survey
9993934b-e324-4cf7-b8d6-f54e7c0ed691,Trial Trench
99a87b82-b5b1-4cdc-ba5a-161807d56817,Trial Trench
99aff89b-1ea5-4b0e-801c-73f3257db5c3,Trial Trench
99c26ff3-f5f5-4525-9564-cc3a2b3fb9f9,Open Area Excavation
9a3a0c19-b8c4-449c-b664-ffde671447b5,Trial Trench
9a58ffd1-6b8a-4ddd-b423-c8c4c555143e,Desk Based Assessment
9aea5d67-f387-42fe-bef6-65951ba1e974,Watching Brief
9afa3dde-a812-4116-abe2-73ca26148ed6,Desk Based Assessment
9b385cb1-8761-4a39-9fb1-caf8eb273365,Evaluation
9b8f27c8-866f-4d88-87f3-cfa83745aaba,Watching Brief
9c1cd8d6-0708-4e4f-8b8d-1945b803668d,Desk Based Assessment
9c2300d1-5fe5-468e-af29-785503f4a562,Desk Based Assessment
9c4c8175-448f-4f88-993e-7048d64957e7,Watching Brief
9c654183-b67b-4706-93ed-d2b5264ddea1,Desk Based Assessment
9c8a9c19-53d6-45fb-9e40-66372c5642fd,Trial Trench
9c8c7cf5-c62f-4a4e-b6b0-ca3eb9f35cee,Trial Trench
9d34b6f9-efaa-4101-8686-0f6393039cff,Excavation
9d602621-a0ee-4a0c-a1f1-9e54ccba7de3,Desk Based Assessment
9d8c5f64-50b9-4f1c-818a-41af8345b4c8,Evaluation
9db4effb-949f-454d-9cd5-ec301d9cc34b,Building Survey
9de0ac23-1653-441d-8263-9feb5428fa9e,Trial Trench
9e2ff6f9-a9cc-4743-9e39-d36c452d878a,Desk Based Assessment
9e44330c-bccf-4afb-bab6-0e7ceafe94f2,Desk Based Assessment
9ecce4c9-1815-48c3-8285-8d5ccb43c945,Watching Brief
9efd7788-0b26-460a-9fad-983b53e55fd1,Watching Brief
9f035818-3546-40a2-a3f4-fe3db6ff9885,Trial Trench
9f05dca4-0589-479c-819d-639e513fb0fc,Watching Brief
9f0dea88-89c0-46fc-a026-9b3dae225bd0,Trial Trench
9f118f7b-3de1-452b-bdde-aeaafec639c7,Desk Based Assessment
9f223bc5-74e7-43c1-b547-5127d4766b65,Excavation
9f223bc5-74e7-43c1-b547-5127d4766b65,Watching Brief
9f3ba0ea-d560-49d6-83d1-fd23be3b7937,Evaluation
9f96f67b-a03a-4c8f-a940-7c4103f36c68,Watching Brief
9fc0c2f3-4f97-477b-9cd2-1e8c4835b01c,Trial Trench
a01606d9-9c4e-4b58-bada-93de19ab91a9,Trial Trench
a09feee1-9805-4022-a6d3-3487ad9da115,Excavation
a1835154-ca0b-45c0-8863-d84230567ed8,Trial Trench
a1883e56-f1fd-4e54-902b-a62e5c84f52a,Watching Brief
a18f5ae1-fdca-4e13-878b-f479c29c80ef,Watching Brief
a1be137c-8fab-49cf-933a-d742460ef5bc,Trial Trench
a21ca45d-9f59-4dcc-8afc-8761a5f3e29b,Excavation
a21fce37-a9bb-421c-a330-98d9e7638dbe,Desk Based Assessment
a242c907-c95f-4acf-8e49-48d3035def1d,Excavation
a2a213e7-1f7c-4edb-907b-dad7660ec417,Trial Trench
a308b6cc-d9de-409e-ae7c-b8a2c21bb179,Trial Trench
a313ef28-ae6c-48fb-8cf2-a22c53b8cb2a,Trial Trench
a333b9c5-982f-4f40-b15f-9a09d33d8227,Watching Brief
a3766bfa-5409-49cc-bdb0-66fabe319be0,Open Area Excavation
a3ab74fe-fdf6-4a2c-91a1-bce8fd73e336,Trial Trench
a3c48e36-e5e7-4d42-856b-78b63bcd61af,Trial Trench
a43bc75a-b70f-4da5-9f7a-483548ecf719,Trial Trench
a441e2c4-9f0a-46d6-ad23-c5a3ddafd524,Desk Based Assessment
a4b9e95b-51a4-42e6-9254-84f5bdbd5575,Watching Brief
a4c7305f-9fa9-4c23-bd47-9e68376db877,Desk Based Assessment
a4e9e8fa-52bc-4948-90b0-0b364a3d3832,Trial Trench
a4f1895b-2287-48ac-9715-d81f8623e46d,Watching Brief
a527506f-61e4-4864-9b97-93efaabe5ff4,Geophysical Survey
a557ac9a-9f68-41b7-91f4-dce576243e99,Evaluation
a5674d53-e5b2-4195-986d-44185810b1df,Trial Trench
a5a3a9a2-cee9-47c3-bbb4-4c823166b1e8,Trial Trench
a5b9865e-314c-4d9d-bd5b-30a362ae1131,Desk Based Assessment
a60cd96e-126a-4837-bd42-5f0e1aa97a2c,Desk Based Assessment
a67cb420-2820-45db-b4a4-6197e2c0e494,Excavation
a6c9503c-f103-48ca-9ccd-881ac9e036e3,Watching Brief
a6f6b8bd-d4e8-493f-a689-65f52ff1cf63,Building Survey
a70d31de-4903-4ff6-bf0c-a6c39d5060ba,Excavation
a76524ee-86a7-4049-9e25-fa9b38b064c3,Desk Based Assessment
a8472fa7-033b-4306-ad37-8826a2c7f7c8,Watching Brief
a84b87ab-10a9-4cbd-a954-f805e067a5b2,Open Area Excavation
a8c280dc-165d-4235-a890-07c36f475408,Desk Based Assessment
a8f39371-ceee-4e1f-8f72-e1743eef0fb2,Desk Based Assessment
a9245fbf-ef9b-466f-a0c7-f7fb101db543,Watching Brief
a929691d-7762-4b22-97bc-807445f3f749,Trial Trench
a9484963-0bbb-461b-809c-8582fe57098e,Desk Based Assessment
a95dfb2e-7814-4927-9b04-40ef81b25b71,Desk Based Assessment
a9a8da24-29c6-46a0-8bf7-b48a15c3a4e3,Watching Brief
a9cd1213-5212-4af8-bc28-9e8445113f98,Watching Brief
aa05794d-89b9-4711-adfa-805582fddd7d,Trial Trench
aa3b0b82-ab9e-4249-b241-db7a5318294d,Building Survey
aa3b0b82-ab9e-4249-b241-db7a5318294d,Watching Brief
aa61f37f-e49b-49b7-bd95-320b91f1c8f2,Trial Trench
aa6dce7b-01c4-45d0-80dc-97463e52a0f4,Desk Based Assessment
aab3d33d-44f4-4dfb-9a83-e45337716558,Trial Trench
aacbc207-0137-4786-8134-ff3ceecbda47,Evaluation
aae9c7fe-54fd-4c42-af31-15b995a76a25,Desk Based Assessment
ab12f6fc-57a5-4d6c-b622-07666c0bfe33,Trial Trench
ab93d0f3-307b-4a74-afcc-041a8f3eee86,Watching Brief
abd6c7b8-24ee-4cab-b537-b7de03239aa1,Building Survey
ac0d85d5-96eb-4612-8b4d-be1d39d8ebfa,Building Survey
acc0dd84-f163-4e31-adeb-85b932c0be80,Desk Based Assessment
ace4a137-f542-4743-8687-b94fb3142202,Desk Based Assessment
acf92d35-b65d-4805-924f-499e68898d56,Evaluation
ad17375c-ac2f-4cfc-9841-3b6caf72566d,Trial Trench
ad4fdc68-8155-4d9d-8db1-1a421179833a,Trial Trench
adc86321-d516-4b5e-acd7-142659717b40,Auger Survey
ae105f7c-53fd-42f7-9ee2-663f9b9e50df,Desk Based Assessment
ae1ffc14-628d-4444-bfbc-988a8595d258,Desk Based Assessment
ae8b0427-c911-40eb-a6fa-5e0e66e9bb0f,Trial Trench
aedd179f-0d7a-4429-9a5a-e32c087e8fd1,Trial Trench
af07f8d6-38db-44d9-9e02-a80ac0b69e07,Evaluation
af0df215-65dc-4f81-9440-c3ec01cadf85,Auger Survey
af40835c-a6ad-456b-83c5-74b7e65f9466,Watching Brief
affb7efb-d548-4514-a029-6243fa824368,Trial Trench
b01414de-85e5-4ea2-b41c-bcfbe6515a0d,Trial Trench
b04e993c-8024-4bea-a353-b6cb7d3da1a3,Trial Trench
b052c8d1-f2e4-4998-afba-25cddec5fc8d,Desk Based Assessment
b09a4dee-d982-439b-8eef-ec6d0e0fb116,Excavation
b0b369d7-b2fa-4b35-8577-1b8850ad4466,Desk Based Assessment
b0bbbe3c-30db-44d6-a0e3-a2e6bf5919e6,Desk Based Assessment
b0e2c80a-fdbe-4c25-9204-8763db10a18e,Desk Based Assessment
b0f7228e-2561-4ab6-8f61-2072bb7ea151,Desk Based Assessment
b1142276-ec3a-44b3-9c7f-572c215a3c77,Desk Based Assessment
b11df9e4-31f2-43f4-9bbc-ab0ced14a9cd,Watching Brief
b13a1d15-f63e-4683-b86c-6021c76e015e,Building Survey
b14eb379-ecdf-43a5-9e45-c8216238692d,Trial Trench
b1d54f4d-ea04-4c66-beb7-5da70d5f8772,Trial Trench
b226167d-3e66-4748-b09f-f0bd2798fcb7,Trial Trench
b26e113f-2e1a-4e9a-9dd3-c1693e150cd4,Evaluation
b285546b-d363-49ba-b562-4b0d17d293ff,Trial Trench
b2c37c71-1f0b-4723-bd6e-8f6c41e293ee,Trial Trench
b2fa4e1a-f6ad-4d5e-b6a2-3fe469910131,Trial Trench
b312ea99-9506-4511-986e-23b33b0eadc1,Open Area Excavation
b32578c7-af22-4990-b91d-f33a2abd54e9,Watching Brief
b352c14f-acf7-48c5-80a2-cee259d410f0,Trial Trench
b3e15073-c434-40d0-b6e6-3411e207412d,Open Area Excavation
b3ec2e53-fbf8-46df-9286-22ce5c73e4c7,Watching Brief
b3fa28ff-e23d-4a07-9b50-9b035780417d,Trial Trench
b4044aad-91c6-438a-af85-8a73243a1979,Watching Brief
b4120f93-981a-451e-9dc1-1a0ff1715f7f,Desk Based Assessment
b4176c19-1d4f-43c6-ba43-6daea5c89e8d,Watching Brief
b42c5a6a-2a99-4355-86b7-cdb9de1744ba,Trial Trench
b42c5a6a-2a99-4355-86b7-cdb9de1744ba,Building Survey
b48e6bd9-1ace-4300-ad5e-44b078232110,Excavation
b4a6b605-699c-46dd-aad2-1e4b2d520d45,Excavation
b4daf135-1b47-4f44-9a65-13caddb10b04,Excavation
b55fd142-a690-418e-8710-0f696f43e810,Trial Trench
b5f39356-8fc4-428a-aa15-797f4f227683,Trial Trench
b60847a3-9b01-49cc-b468-5be01b083273,Watching Brief
b6601c58-4bb3-4437-a1f1-26af16b3ae15,Trial Trench
b6e240fb-f5e3-45c1-bbaf-a371578e78f1,Desk Based Assessment
b705ca56-91d1-4ec7-952f-025b6732c2e1,Trial Trench
b77b1d06-c2fe-4a81-a64f-251d10cf6041,Desk Based Assessment
b80f4414-de7d-4d8b-bc25-92617bd6f1e7,Trial Trench
b86ae840-bb41-4928-8d3b-5b9bfc334b18,Environmental Sampling
b86ae840-bb41-4928-8d3b-5b9bfc334b18,Borehole Survey
b88d2119-51dd-4799-bee1-e7d9c95504c1,Open Area Excavation
b8be2644-6af2-4336-a3b7-08cc514ad515,Trial Trench
b8d90880-4438-4579-8513-b2b8e8c848dd,Trial Trench
b913fee0-64e3-451c-b082-c6f791bb3d37,Evaluation
b91a3c7a-bc64-468f-809a-03bb39cca63b,Desk Based Assessment
b93f231f-cd42-48c4-b9ab-4135dd872923,Trial Trench
b9abc564-d2d5-4db6-98ca-fc94c6377efb,Desk Based Assessment
b9b66ba0-dfa4-498f-b5c9-82ae839ed6e5,Excavation
ba25b5ac-6514-4fa2-bf3f-0b8fdebe72bc,Trial Trench
ba25b5ac-6514-4fa2-bf3f-0b8fdebe72bc,Borehole Survey
ba4a2c0c-72fd-4157-a5ee-b1babad0d590,Watching Brief
ba6f9ba1-80c8-4f3c-9d5b-d7f2a4cdcb81,Desk Based Assessment
ba783d0f-25dc-43b6-adb2-2bb167d335f9,Trial Trench
bb300e75-4a08-46b0-b0f8-7697c7d55d3f,Excavation
bb337a02-df98-4d2e-9f8d-5858b0f5f157,Evaluation
bb81bb0e-d058-4925-8721-aeedd05e3d5e,Trial Trench
bbd56125-94ae-45b9-9206-145118b440f6,Desk Based Assessment
bbd56125-94ae-45b9-9206-145118b440f6,Field Visit
bbd56125-94ae-45b9-9206-145118b440f6,Building Survey
bbdf7cd2-5c70-46bb-a07a-70880876f8d5,Open Area Excavation
bbe4712d-6240-439d-b7ff-ca9f7ff06994,Watching Brief
bbe567b6-7f45-4e0e-8a0f-253c0a063e50,Trial Trench
bc12ad32-da29-4a86-b242-efe6d7530bb1,Excavation
bc637205-8046-4727-bfaf-a0db205a747d,Dendrochronological Survey
bc883bc5-06a3-4fa0-bbab-18fe7a19ceaf,Open Area Excavation
bc915a57-669e-410a-a908-43d7894bfee6,Desk Based Assessment
bcc24e9b-8595-442a-8471-70590b438eda,Aerial Photograph Interpretation
bce8e554-6650-4023-835e-9dabc4e11992,Desk Based Assessment
bcedc222-a785-4e24-b501-107c6e237d0a,Desk Based Assessment
bcf79e07-0ed3-4939-8feb-7192dd81ac55,Desk Based Assessment
bd68f574-777f-4cab-be82-34b27e5cf1ff,Open Area Excavation
bd7fe168-ac3e-4d2b-afcf-0583e0cfff86,Desk Based Assessment
bda650bb-8f14-43f8-aee8-8712a1795b9e,Borehole Survey
bdc1d441-f459-45fc-a887-61f211c44cbd,Desk Based Assessment
be303e3d-cb69-4dd4-9651-eef0c5f623fa,Trial Trench
be4b30de-efce-4404-bf9c-6dcfd7a3d853,Trial Trench
be702d27-ba59-4019-95ac-a47a154c6ee3,Open Area Excavation
bea235e0-6014-488a-8b59-e5bf8ecb747d,Watching Brief
bf379b80-97d4-4363-ba08-a136995e8f67,Watching Brief
bf504790-acf7-47fa-a4e6-6763c0a13983,Evaluation
bfda59c1-279b-415e-9639-73994141fb39,Watching Brief
bfe8f58e-d4a4-49bb-ba58-19806fbeadb6,Excavation
bffc3f6d-0d8f-4b40-bf6c-1194c72d2a18,Excavation
c0a1662a-e3d8-498e-94e4-441f50ec136d,Watching Brief
c0d7d026-18c7-4b20-84cb-c6b69167f096,Watching Brief
c0e3e39e-a98c-4abb-896b-433087a7f1be,Desk Based Assessment
c135c673-dc12-46c2-b6db-a774b4487254,Auger Survey
c135c673-dc12-46c2-b6db-a774b4487254,Walkover Survey
c135c673-dc12-46c2-b6db-a774b4487254,Sonar Survey
c191904e-c6ac-4880-ab26-c5f8b52f29c5,Trial Trench
c19f2ef2-a67d-4d61-9f3f-dc4cc128be51,Trial Trench
c1ce80a1-12a7-438e-b92e-7cd4e7d17e26,Trial Trench
c1f80fb1-e84c-42ea-9170-6d637f496424,Building Survey
c2097fa7-d781-4962-aa62-b5c8ac115a75,Trial Trench
c22f0345-b6e2-4bb2-9fca-f59a2bf29b05,Watching Brief
c326f74c-563c-439a-8035-8de18da8172a,Trial Trench
c33cf891-bbe0-46f9-9ba1-3b334a6253f2,Open Area Excavation
c3945dd9-26d5-4959-b6db-b1345f90d4fe,Watching Brief
c3f30b07-1230-4300-8078-cbaca341d65a,Watching Brief
c3f706f2-167d-4464-9ba8-e63a82fe5952,Desk Based Assessment
c462b34f-5663-446e-adef-a38aabc0eb51,Open Area Excavation
c468ca88-7162-40b3-ad93-310cbdd6ddb7,Trial Trench
c48aae32-1416-4559-8420-21ecfd35f720,Desk Based Assessment
c4907e8f-b9aa-4a37-bf7d-c133f19442a7,Watching Brief
c49981f4-5e42-4169-a940-b58b9a4faa37,Strip Map And Sample
c4b663cc-5e93-4c7a-a51d-1a6960d07082,Desk Based Assessment
c5009b63-eea9-4853-9c41-a63ff0f7bbd1,Desk Based Assessment
c5124c32-83a4-4dce-a96d-8ab0085188b7,Desk Based Assessment
c51980f2-c6fd-4208-adf8-1433fc8620de,Trial Trench
c543d811-27b4-4f63-86c3-ce3c5c0b5631,Desk Based Assessment
c54e1ad8-d0d4-4527-af17-a2d594cbda91,Watching Brief
c54e1ad8-d0d4-4527-af17-a2d594cbda91,Trial Trench
c54e1ad8-d0d4-4527-af17-a2d594cbda91,Borehole Survey
c596e3a3-4cee-4442-815f-b10f34224eb1,Trial Trench
c62f9a24-3782-4f11-b86d-7b4ef1ffee8b,Trial Trench
c670e9e1-786f-4af8-b9cb-4dc053035c06,Desk Based Assessment
c672069a-477d-4b00-b6aa-cf350c628fc9,Trial Trench
c69488df-2c9e-4360-a361-1c2d595446f5,Desk Based Assessment
c6c0b8f7-4548-43d4-ae32-f9b3000b054a,Building Survey
c7597f8b-77bc-4908-a815-1d3f5fb7d26f,Trial Trench
c81bd79e-dd2b-4d1e-95f1-4a0a9ae236bf,Trial Trench
c87ad14a-fc65-4c1a-ba64-e86d3d5c30d1,Desk Based Assessment
c8c14285-ba66-4e95-b94a-866f1d499d05,Building Survey
c8e71623-b3a5-4b62-b1f6-aa9f04adaded,Trial Trench
c8eeb2dd-4627-463e-a065-f4edf194bf74,Open Area Excavation
c8efe0e6-2ee9-4022-a842-db3328a162a2,Trial Trench
c91b3dfd-2754-4ed5-9029-94f95aaa61be,Watching Brief
c92665ab-66b5-4475-b8b2-f82418d6d76e,Trial Trench
c94d9371-e5e0-4896-bc96-2013c7960a18,Desk Based Assessment
c99c8d7c-5bbd-4766-8729-1cdc52b80fa1,Desk Based Assessment
c9e07cf7-2828-466b-8cab-ec4a26256fa3,Excavation
cb121d95-50e3-4016-9b1f-e35b2846a1e3,Trial Trench
cb1d3d4e-0111-41ff-b1a4-855141828687,Borehole Survey
cb1d3d4e-0111-41ff-b1a4-855141828687,Geotechnical Test Pit
cb1d3d4e-0111-41ff-b1a4-855141828687,Trial Trench
cb67a034-7d3c-402d-9913-49d968d8a505,Watching Brief
cb7b3d31-1eb1-4409-ac37-5d722b4f3f78,Building Survey
cb7dbee2-eb66-4a2c-a34a-72ecf13e8d69,Desk Based Assessment
cba9c15f-660d-4ccd-b20b-ea5d4adbfd25,Watching Brief
cbe390a7-8e21-4be5-a343-b0ce118387ac,Open Area Excavation
cbe9585b-f860-4992-a14c-772978a0105e,Watching Brief
cbf5b55f-8243-4c13-88ed-af3f6ea90f19,Watching Brief
cbf9c3c0-06e4-47a1-81a4-704de52d88e5,Desk Based Assessment
cc11bc4f-2f2d-4ecc-8391-a7ebaac208a0,Excavation
cc2a35af-6298-4074-b913-db45da9a41c7,Trial Trench
cc82a8da-94fa-470a-804d-628feef3356b,Desk Based Assessment
cc9f4fe2-76a0-4446-a41a-0b42fd8e6084,Desk Based Assessment
cd221226-43f3-4e5b-8394-c222eb9e08b0,Watching Brief
cd4e3e2c-35c2-4c00-bdce-b0c84857efa3,Open Area Excavation
cdcbf694-189f-4083-afee-aa673408f27b,Trial Trench
cdee6a90-abe6-4e9b-a363-c7d8dbdf7aa5,Trial Trench
cdf736e1-ea63-4f11-bfd7-c69491d3926a,Trial Trench
ce41e0ae-ae65-471f-bf0c-3c603ea42f49,Dendrochronological Survey
ce8c6b2e-e14f-4b49-a8e4-f8fa3f9a28d4,Desk Based Assessment
cf4706b9-7293-4528-b60a-a0a2ec35af9b,Trial Trench
cf48849c-e611-40fa-866e-147f194fee47,Watching Brief
cf4feba6-b808-4d73-b822-92d1064c8227,Trial Trench
cf5541fd-8932-4508-8a1b-fd4e6c4bb650,Trial Trench
cf609b5a-a11e-415e-9d60-618403636ac7,Watching Brief
cffb62f3-1a5d-4c01-9ec6-03ce18e50a33,Watching Brief
d01db9c3-40a9-49ec-b551-551d7157439b,Desk Based Assessment
d0313e91-d903-45e5-946b-bc367ea9a4ab,Trial Trench
d07ba565-5418-4808-91c2-a95aea144451,Evaluation
d07ba565-5418-4808-91c2-a95aea144451,Watching Brief
d0a960bb-8568-4b55-8fd5-6e64daffa6c1,Watching Brief
d0a960bb-8568-4b55-8fd5-6e64daffa6c1,Trial Trench
d0c7c3bb-76c9-43d0-aad1-ca96edb9bd54,Watching Brief
d0fb01b0-e6c8-491b-8929-dd5312a84051,Trial Trench
d11a56ca-6bb0-492d-86c3-de79ccbb97c4,Desk Based Assessment
d1878f43-5e81-4584-9e55-ece444671d9f,Desk Based Assessment
d1a5783d-0a60-4c19-9f34-edc5ddfa66a6,Excavation
d1c8a1ae-7365-4d67-92b5-ac18b47ba1df,Open Area Excavation
d206f392-17f5-41d6-8c72-b9489fef040a,Desk Based Assessment
d2316ab7-a22a-4bb0-bc28-0f06b78a81c7,Trial Trench
d234c4a8-4614-4e6d-8cde-98249d8d496b,Desk Based Assessment
d2515983-20be-4c95-ba97-8918fdb285d1,Desk Based Assessment
d25f0c85-d62f-4c0a-a9e1-17fb789148a5,Desk Based Assessment
d2791870-7ec7-4411-8475-31c9cc7b7fb7,Field Observation (Visual Assessment)
d2a429b3-fe94-45c6-b634-cfb8059881a3,Trial Trench
d2c26fad-12ce-4f7d-ae3e-e26b8023e9e3,Open Area Excavation
d2e3f54c-8c59-440e-b8de-96ab477807fd,Watching Brief
d2f4f0f2-96e7-4238-b419-18c778ad9ce1,Desk Based Assessment
d3cdad3c-b271-4212-ba70-93d70b416f3f,Watching Brief
d3e0a719-ed2a-41da-9aed-593f21b32793,Desk Based Assessment
d3e1c5ef-c27f-4c1e-859c-69da6776679e,Watching Brief
d46f9be4-c858-46c3-b6e4-9e1f29ab7ee8,Desk Based Assessment
d47058c5-e975-4044-9a90-30f85e894f57,Trial Trench
d47a2cea-e57b-4b22-9b8c-95d141fa3ccb,Trial Trench
d494ae2b-33de-4912-a7d7-8a1ce7ffcda1,Desk Based Assessment
d4b86ece-1a5f-47f3-a6df-835d4b78dbc7,Trial Trench
d4bceff6-161e-4f0c-a9c6-ebb94cc0d760,Open Area Excavation
d527c173-0a3a-428d-9241-35fc65cdca55,Desk Based Assessment
d595a08b-53d6-4760-8da6-308d7b9f26eb,Geophysical Survey
d641fed3-1e4f-4c21-b0fe-697bffcc117b,Desk Based Assessment
d64ad45e-e77a-47ca-b157-73e5ef291674,Desk Based Assessment
d64d9932-f0fe-4e35-a695-f19f5ea6ca2e,Desk Based Assessment
d65d753f-64e5-4b83-9149-a026e64f9e4d,Trial Trench
d6c8a771-145f-43fa-9a6f-eebe54104228,Trial Trench
d6f057ad-936a-40ea-8b8f-ca9ea4cd409f,Trial Trench
d6f2f37d-eca6-4536-8a23-63bf35a52888,Desk Based Assessment
d728a11d-e5c9-4771-ba46-d8d314afb75f,Field Observation (Visual Assessment)
d738df54-17fb-485a-8188-c47911e989b7,Desk Based Assessment
d73c6242-cbd7-4006-9be6-52c11c6ad93c,Building Survey
d76f7659-77ad-4353-8c62-3ab43a753f2b,Strip Map And Sample
d796dd0a-7582-4c39-bba7-62271c6f141e,Trial Trench
d7d60fe6-0eb7-4517-b808-f1f5310e969f,Trial Trench
d8071b03-766f-4a60-9f82-77130652838e,Watching Brief
d8405f38-f4b0-40bb-b723-6d41bf833861,Watching Brief
d8485255-4dd4-4549-96fc-ec4f7ac10589,Desk Based Assessment
d852cf4f-5a79-4d01-a8ed-c6414c261a3b,Watching Brief
d86f3ad2-9395-4058-b81a-778175874bd3,Desk Based Assessment
d879b84e-e9a4-43be-83cc-060913aa8edf,Trial Trench
d8871a68-edac-45ff-b065-05c339a2d130,Evaluation
d8a684a0-564b-457c-877a-2d81e381d1c2,Desk Based Assessment
d8ba1f31-40a2-420b-8ad5-34dcda4f7a3c,Desk Based Assessment
d930b5fe-5e77-4166-b4a1-7df69471f91b,Watching Brief
d9338eea-5166-49b1-929c-5dfae762b611,Trial Trench
d96436e8-b0ff-407b-85da-b04d2fea48b7,Trial Trench
d987871a-52c2-499c-8e08-de06483e6b45,Watching Brief
d9b31d16-8ff8-4ff5-88fb-53acc19792ae,Desk Based Assessment
da1de15d-8a68-47db-8914-5237b16fdd0f,Trial Trench
da928eb7-e715-42c8-9d48-2ff8bc6231dd,Watching Brief
daa1e2a0-5df5-49bc-8f22-a7542fee870b,Desk Based Assessment
dace3c07-3857-439a-80ba-4d80bb92f274,Trial Trench
dae9a2d9-173d-4bda-938e-d8bdac8acdcc,Trial Trench
dbb0f254-7498-4db2-9f04-339242dc7421,Desk Based Assessment
dbd1eb07-9e45-43ad-bd3c-5380ba38a7dc,Open Area Excavation
dbdcd6e7-919b-4444-9f5a-e1cee607cbb2,Building Survey
dbff8a2a-fa6b-41fe-803b-b2cb9f9b941b,Geotechnical Survey
dc020fc8-8cda-4c99-a339-6ae1b0ab5f10,Watching Brief
dc020fc8-8cda-4c99-a339-6ae1b0ab5f10,Trial Trench
dc020fc8-8cda-4c99-a339-6ae1b0ab5f10,Strip Map And Sample
dc020fc8-8cda-4c99-a339-6ae1b0ab5f10,Geotechnical Test Pit
dc32345c-ee40-44e4-8385-1d9b9fc458e3,Rescue Excavation
dd4c7b33-c5d0-4b07-847d-2904144ec8de,Desk Based Assessment
dd7d2f0d-c814-4065-8a29-026b8d7ac3af,Desk Based Assessment
dd906bb2-f000-4caf-8c21-b019ae297ec5,Watching Brief
dd98fa2d-7e73-4f06-80bd-be0ebadf9788,Topographic Survey
ddc26b09-37b2-4c25-9911-2c12ec66f15f,Watching Brief
dddc3339-c3fc-413c-a7ef-90c9dc9b9d4b,Watching Brief
ddfa0185-896d-4346-b456-03f9d7373686,Watching Brief
ddfc1ec0-9997-4ecd-871f-b5cef3b1e145,Trial Trench
de24d385-8108-4abe-b5b4-29b49033507a,Watching Brief
dea23b70-e022-44de-aef6-90f633fe2806,Desk Based Assessment
deb175d7-09ac-4b39-922e-07da2a712947,Desk Based Assessment
deecb200-84ed-4e2e-8002-4556446f7eef,Open Area Excavation
def87ff3-3bb1-4834-bdff-bff2874d15da,Desk Based Assessment
df049025-a592-4896-a89b-ca667c1e5f7a,Trial Trench
df08c2df-3edd-42c5-b1b2-8aad9449e6fd,Trial Trench
df39ac07-4a69-4972-ad49-90a58d533996,Excavation
df91eeff-fd59-48b0-b29c-d97546da08e7,Desk Based Assessment
e04af8d4-b7cb-451f-94e2-c0eb44222c7d,Trial Trench
e050dd07-81ee-435c-b287-7625bd19f9de,Open Area Excavation
e050dd07-81ee-435c-b287-7625bd19f9de,Watching Brief
e05e6bf0-45d2-44e2-97f4-f4dc5d39fbc6,Watching Brief
e0673a37-34cc-4d4c-9e81-7fd6fe57cad4,Evaluation
e06c994d-7a33-41e7-b8a7-bc819cca6f4a,Desk Based Assessment
e07a3c81-2f15-4742-8919-34e3d822e9de,Trial Trench
e07a467b-45dc-4b93-afd5-b6ba9a9d87f4,Desk Based Assessment
e0c3cb79-1b87-4222-98e4-55f6ad724c8f,Watching Brief
e103d713-da14-4634-9db9-2a9102d6c4f3,Desk Based Assessment
e10f60ae-47e4-4893-af48-446432376157,Trial Trench
e11732f6-4fc6-434c-b6e2-7638405883da,Trial Trench
e11732f6-4fc6-434c-b6e2-7638405883da,Borehole Survey
e11fd013-0d72-4bdf-98e2-8fb8d0b24849,Open Area Excavation
e12c24da-ed32-4630-9b5c-0be6ac5db72c,Desk Based Assessment
e15e4120-cf7a-46f9-9fd4-297aa85cf2f4,Desk Based Assessment
e17a9cf5-ed60-482a-8274-4db2e90e68b4,Desk Based Assessment
e19c5819-9beb-487d-9094-c1cef819cd78,Desk Based Assessment
e1a5321d-16a4-400a-b75b-176ba0001e50,Trial Trench
e1ce48c6-a7ad-4437-a185-148b3fb180ea,Desk Based Assessment
e1dcf495-ba13-4a61-9cfa-3d935d314bcc,Watching Brief
e1e83b60-07a0-414a-8c86-c075b61df4a1,Desk Based Assessment
e27d6807-ab00-454b-9a4b-82f2b7383de8,Excavation
e2a18e3a-410f-4fe6-a019-f81a1ec6298d,Trial Trench
e311f181-6d49-4a02-b9ae-f8f922a8972a,Watching Brief
e32206a6-e0c2-4545-8de7-aad4455edb0a,Trial Trench
e338a023-a03f-4d23-b7f8-dfc3a1c21427,Trial Trench
e3a92f6e-38e8-4fde-90a6-f67f71fe29da,Watching Brief
e3ad5627-4a1b-4ea5-b9be-870c2dd05f19,Watching Brief
e3fc10b3-7add-43ac-9c2e-6ce12a2b5d59,Trial Trench
e3ffb128-e987-4150-ab5d-0f26ee2e1aa4,Desk Based Assessment
e40067a0-89ad-4653-ba0d-efc31cbee3c0,Auger Survey
e40067a0-89ad-4653-ba0d-efc31cbee3c0,Environmental Sampling
e42aa3b6-0c16-41a8-a139-4e4c2586a606,Desk Based Assessment
e449be66-77b3-4e0b-a4a3-a7bc57192268,Building Survey
e4c28ead-31dc-43a0-80e1-44ca8dec8db7,Watching Brief
e4c50133-f2bb-4b88-8fcb-9b340af34712,Watching Brief
e4c50133-f2bb-4b88-8fcb-9b340af34712,Trial Trench
e4c50133-f2bb-4b88-8fcb-9b340af34712,Test Pit
e4c6a58d-f94d-4882-9911-63fb8e79359b,Desk Based Assessment
e53cedeb-8ddd-4e2d-af2c-08399e69a1ed,Test Pit
e5c0318b-d747-46fd-adb6-6348b15821ba,Trial Trench
e651e30f-2eee-4b81-9f16-93f44a0d9a02,Desk Based Assessment
e65fbe09-4844-47e7-b753-f08c9abd59d0,Borehole Survey
e6ff9b36-c9ce-407f-97fb-65634cc36a25,Desk Based Assessment
e7191da1-c433-4063-aa80-f54c116fdedd,Trial Trench
e7364547-b8fa-4920-8ac1-e6e5f80f89e2,Trial Trench
e7376b21-9cb2-406a-9f67-0b8e80bf1892,Trial Trench
e7460cd3-6f59-44e3-af93-3c797cf82463,Test Pit
e7460cd3-6f59-44e3-af93-3c797cf82463,Trial Trench
e746f552-1126-4875-b048-fe019f05e581,Desk Based Assessment
e7576aef-7505-43c3-9fcf-3da8070cd1c8,Trial Trench
e75c0ccf-780a-433b-b861-2c09e7c6bac0,Desk Based Assessment
e784fe01-8b16-43be-800a-eb3fd4d85e5a,Desk Based Assessment
e7cd4d86-3734-4af6-a5de-8bd6a1b3e593,Borehole Survey
e7cd4d86-3734-4af6-a5de-8bd6a1b3e593,Watching Brief
e7e054dd-345a-48de-a606-db0f4bfd2fa6,Trial Trench
e801703e-2b32-4882-a43f-641518e46b00,Watching Brief
e8194430-6488-479e-bff1-25cc3785d818,Watching Brief
e8194430-6488-479e-bff1-25cc3785d818,Open Area Excavation
e8210d2a-df59-411e-b92b-bd355d3ae097,Desk Based Assessment
e8e638c6-3bb8-47c1-8059-849a608f02eb,Desk Based Assessment
e9288098-acae-4fbc-a653-23130c710541,Test Pit
e98d30ef-a142-47b7-8082-189a116d2ab8,Watching Brief
e99f68c6-ff9c-4ffa-ac03-c56dfd420015,Excavation
e9a795fe-8ed8-47db-864f-403ae5ee263f,Watching Brief
ea22d67c-7a5b-4c03-8c44-2f5064790189,Trial Trench
ea3d94d5-6b09-4aa0-b131-bd73df22e615,Watching Brief
ea51969c-f4f9-4bc4-86d5-a0be0a56be8f,Watching Brief
ea6c74f0-b8ea-4c7d-9d89-04627233a114,Trial Trench
eae0f991-c12b-40e6-91dd-f53afc248547,Watching Brief
eaf2c099-65bb-470f-813d-7590ccf78734,Open Area Excavation
eb4782d1-b80f-4a3f-8238-ca84e04605b1,Desk Based Assessment
eb4faf4b-f86f-4af2-a0d7-e8ab0498f5bb,Watching Brief
eb5c1d67-38a7-4fa5-898d-b91273c1f92f,Desk Based Assessment
eb5f0731-23b9-4e67-a1f7-03de0e257ff0,Desk Based Assessment
eb7bcc07-0515-408e-8014-fd02615f4de6,Watching Brief
eb7bcc07-0515-408e-8014-fd02615f4de6,Borehole Survey
eb8a50c4-79d1-4548-a6d7-3eac52f04366,Desk Based Assessment
eb9c3b18-b145-4064-bed9-a3443a8bc587,Trial Trench
eb9c3b18-b145-4064-bed9-a3443a8bc587,Watching Brief
ebafbdd2-4de1-4e9e-8d7e-79a4cd630000,Trial Trench
ebcefd3a-598d-43fb-b813-0bf89b193354,Trial Trench
ec035468-d32e-4f76-bd76-8da9782207ec,Desk Based Assessment
ec2711d4-d830-4938-9f0d-3edb7b79ee77,Trial Trench
ec7f30ef-37b2-4b15-8dbf-f446440f0e16,Desk Based Assessment
ecc03025-bba6-4dc7-a54c-680e51cb1761,Desk Based Assessment
ecc68290-9f41-4d45-80b0-404225ea3fdf,Trial Trench
ecd3f0cc-35db-4629-a712-9018b42c6fdb,Desk Based Assessment
ed78e6a1-89c6-4683-94e2-d7a46dc804c1,Trial Trench
ed957cc9-5299-4c12-b7fe-6810f369ecd0,Trial Trench
ed9e3450-7eef-4aa7-bf96-538e19a022d6,Desk Based Assessment
edc0eef4-bc7e-4ad2-99df-67db15518919,Trial Trench
ee1f810b-4f30-4db8-a7d7-faee6a8c03fa,Desk Based Assessment
ee55dca6-78ba-4416-a5de-6d879d783062,Borehole Survey
ee741ed8-177a-4465-a948-1dc9f1a6bd0e,Strip Map And Sample
eea9ffe1-ef51-4220-802b-c137d587fbcd,Trial Trench
eec6e03c-9b9e-461c-a45a-fa77268e5e2b,Desk Based Assessment
eef5ba4f-8eba-417d-a0bc-3a1e5029201f,Rescue Excavation
ef0afe53-dc1c-4090-b698-0cfac904ef1c,Desk Based Assessment
ef2de22b-afb1-4b7f-bef1-a5919d3ea11f,Aerial Photograph Interpretation
ef33d1d6-af80-4a4b-8216-cd150c426ade,Trial Trench
efad5854-6c67-4ffd-b5db-54a4567c0fa7,Watching Brief
f00b7aff-e246-4ca3-9872-9f9f0aed4dd6,Trial Trench
f05cdf81-fef6-4066-a98d-d03ebd670263,Excavation
f0bca1aa-f137-4e76-859e-79ac02ad4275,Desk Based Assessment
f0e8db16-2cc8-4c69-bea5-5778ec10d056,Trial Trench
f137e9ef-1e9b-4177-9929-d0dc38d30439,Geotechnical Survey
f141c59b-a776-42d8-b90b-7b80c39e0c91,Trial Trench
f15a72fe-d04f-4927-82b4-2bbda2ef617d,Desk Based Assessment
f1c31df8-2f69-47a8-bed8-eaddf2735645,Desk Based Assessment
f1c9981c-7f0a-4bca-901a-021641669fb4,Desk Based Assessment
f1efda02-f30c-41a7-a3cc-7f06a52c6600,Trial Trench
f205602c-4cd5-4205-9021-b648e2c73670,Watching Brief
f23d141b-f419-486e-bd41-1667f5d51a46,Desk Based Assessment
f28a6279-a9f1-4938-9933-f1211ae0ba0f,Open Area Excavation
f298016f-a73b-483b-812c-e8b93819db28,Trial Trench
f2ad841b-3eab-4bf2-882a-b09d3a306af8,Desk Based Assessment
f2c04c9e-610a-4c84-92e9-bf20890ca3b9,Desk Based Assessment
f30c3d9c-aff6-4a0d-9566-27a4288d9bf8,Desk Based Assessment
f320858b-fb85-4e0d-9c0f-c8ff9d5aed1f,Trial Trench
f321cc7d-a060-45aa-aede-95be7f3721f3,Excavation
f366abc9-bb59-4b99-a65f-9d8dea419077,Desk Based Assessment
f3a63a94-372c-4d80-a78f-8eb826b62187,Watching Brief
f3eb00f3-b4cf-4cde-a24e-be128bd796cf,Trial Trench
f4682feb-298b-41fa-b7bd-45a404acbe4b,Open Area Excavation
f49e4ebf-2069-4b0a-bbf8-2a27b88b0d2c,Desk Based Assessment
f4a6aecc-64e8-4ad8-9eef-56983db92776,Watching Brief
f4d294c9-bea9-4a89-8d6a-8ee19f2f17f0,Trial Trench
f4dabd3e-df3b-4ae8-bfdb-329501bdedad,Trial Trench
f4de5b53-692f-4b4c-b151-4714e5e4ccdf,Trial Trench
f4ffea90-01ce-4da1-9355-d0cd92296f48,Open Area Excavation
f53e3394-983d-4716-9260-485d08a5fe0c,Desk Based Assessment
f546996b-9e2d-4919-876b-5cfe45d901bf,Building Survey
f57e4ef4-cdc4-4783-9569-bbfaa7197ec6,Trial Trench
f5854fa5-eeda-4081-b841-fa28f346e14c,Building Survey
f62a4443-0aa4-4978-8aeb-10b77e44157f,Trial Trench
f6308438-ca3c-4445-8f18-5238e4b65b76,Watching Brief
f63d8360-2ab9-4033-87e1-cf127d0d8166,Open Area Excavation
f6484977-c966-4949-9528-5842d341b2d2,Open Area Excavation
f6c76a1d-4969-47b6-aba7-18e1c4e17945,Watching Brief
f6e7a78a-51eb-447c-bc89-175faa3f2c9c,Evaluation
f6f366cd-d8ca-413a-9a55-44efe2d0f6f1,Desk Based Assessment
f6fc32e5-df2e-4c6d-b97d-2ed506330b40,Trial Trench
f7146fe7-44c2-45fb-abea-ccfab0150124,Desk Based Assessment
f726964e-b273-4ba2-867a-9bb177b95e24,Trial Trench
f75bb7b8-58bf-47f6-874a-99975e163eef,Desk Based Assessment
f75fbe45-b925-4398-9a72-0a95507631f5,Desk Based Assessment
f77c6f24-a190-4821-b261-b81200ea4e7e,Watching Brief
f7d73105-f847-4f7c-94a6-0835e2720571,Desk Based Assessment
f7e6ad05-b7cd-4b43-a2eb-e123f3ceb420,Trial Trench
f815fba1-e350-4e0a-a63a-a3a1e3c14940,Excavation
f92da9b5-b973-44e6-8666-50ca411908b3,Watching Brief
f981dc29-ea77-47f8-95e2-d0c99b3d68c6,Desk Based Assessment
f9be6298-2287-4cba-a7b9-759905ac9d9f,Watching Brief
f9dc53ff-f7fc-4939-994c-5d533bd6b58e,Test Pit
fa4f5141-86c5-4ace-996d-80d04c62b4a2,Desk Based Assessment
fa638f2f-aec0-4322-ab4c-1d1d2775965c,Desk Based Assessment
fa638f2f-aec0-4322-ab4c-1d1d2775965c,Borehole Survey
fab1d078-9b3f-445b-a303-97094d3a1944,Trial Trench
fabac2f5-8a5d-42b7-bb11-0f5ccc39e899,Trial Trench
fabac2f5-8a5d-42b7-bb11-0f5ccc39e899,Test Pit
fabac2f5-8a5d-42b7-bb11-0f5ccc39e899,Borehole Survey
facf4e8c-ebb8-4387-a3a2-9de8b5d53c0d,Watching Brief
faeec4f3-789b-4659-b87e-f512e345f6d4,Trial Trench
fba17382-9ea5-4af7-aa32-664ad1c0cb86,Desk Based Assessment
fbee0da7-84aa-4a7d-ac5d-aabeab7db6e6,Trial Trench
fc4d0503-3adf-438e-bdb0-82b7d615a09b,Trial Trench
fc4f00e3-66c9-4ee9-b7ef-2b1f61c80217,Rescue Excavation
fc9f01ff-7817-4c05-81bc-0d46043e0ee2,Trial Trench
fca08021-d86e-499b-93de-6a7ff69b3263,Desk Based Assessment
fce9ad7e-4a09-4374-8fc9-ac5e891cb0b0,Trial Trench
fd01c811-dee9-4ee5-8ef7-187d2d7a8fa1,Watching Brief
fd4eba0a-28c9-4e73-b1c0-cbfb6f92726a,Trial Trench
fd5018df-7aeb-4ba2-8287-fde44fe520de,Desk Based Assessment
fd51bdb0-a129-4f12-890d-8a9097936e57,Open Area Excavation
fdce454f-4365-4ee8-9ed4-fe7e927a605e,Trial Trench
fdd20ba6-15cb-4e72-9816-a70b5d6ba8b5,Trial Trench
fe0ecefe-0f29-48c2-9948-9698c5ec2481,Trial Trench
fe1028c4-4059-48ad-bdaf-156aa53a87d7,Borehole Survey
fe1266ee-e62a-4a93-a128-6d6cf4c1b7f5,Trial Trench
fe37f74d-3eef-4c2f-8b59-3a7eb4d086c1,Building Survey
fe43f7f8-0fe2-49ba-ab7f-f62278708b6a,Desk Based Assessment
ff14ca01-8b7c-4407-8547-c4887040797e,Desk Based Assessment
ff9cefc9-8ff2-4d5e-8578-5591b7850966,Trial Trench
ffd5ef7f-ee7d-4669-8c80-545646fa80f3,Open Area Excavation
