ResourceID,AdminArea,AdminAreaType
0030f634-b23c-49e2-bd33-5b695a6648a2,Bromley,Borough
007ca10f-b517-4a0a-81c9-aa133b6f1959,Bromley,Borough
00977c12-659d-4b6f-9363-5cee08e85a25,Bromley,Borough
0098c090-6417-4c12-b8be-4939b07cab53,Bromley,Borough
00a32f75-ffde-4574-bd0a-16855f477467,Bromley,Borough
00a86911-68c1-4276-8a8d-df2edabc58a4,Bromley,Borough
00d78d7c-b48b-4758-b4a6-78fa58c4dd41,Bromley,Borough
011071a1-6054-40fe-bf62-70a464e498d3,Bromley,Borough
01807dbb-50ea-4e80-ae0d-004a14294a11,Bromley,Borough
01c41b14-3d00-43ed-89be-5c2f68cb1c69,Bromley,Borough
01f16890-b1b5-4240-9eb6-3b2b54c539ac,Bromley,Borough
01f2a42b-c069-4be2-b96d-22f54aecba94,Bromley,Borough
02123c4c-9b95-435c-b3a0-6ad3b3d22b2d,Bromley,Borough
023d7d28-d4bb-40dc-98cf-78f7d98e2030,Bromley,Borough
029213d6-ef70-49b6-99bc-f60c1395696e,Bromley,Borough
02d08cf7-9179-4d5b-b16e-98e1aabb7058,Bromley,Borough
030b5655-1048-4d39-b3b7-c6e0e5601057,Bromley,Borough
030cdb0e-1ef2-4e9e-820d-c53d2e7fcc83,Bromley,Borough
038fcdc1-2efd-4d99-a1fc-7384275b5868,Bromley,Borough
042546ab-422f-4db8-b861-26b1365a1d71,Bromley,Borough
04629e8e-603e-407c-9adc-bbbfed164c8b,Bromley,Borough
0478e167-201c-4760-9b41-297121c6c5b0,Bromley,Borough
04ac1b59-7ca7-489d-989c-69daca6fa799,Bromley,Borough
0509f03d-5e6e-4ef2-a11b-1ca68f1b88a2,Bromley,Borough
05453e2f-00a0-4e24-9e07-9af582ca1d05,Bromley,Borough
056f4ea7-273d-4541-bfb6-b9eb336e3037,Bromley,Borough
05dadfa4-f71d-4ea1-9df6-c999fae5cf93,Bromley,Borough
06048b37-2eb5-46a5-9358-f6515d8421c5,Bromley,Borough
0604b367-88c5-4766-96db-44a83c4ab687,Bromley,Borough
06053bb2-deeb-4eb2-9774-6871dcb4c25e,Bromley,Borough
0613d4df-69cf-426a-901d-f434a33f365c,Bromley,Borough
06407a92-134a-4c5f-a1f7-41fa1f1a9ed0,Bromley,Borough
06774341-a836-41ad-81b6-42399987d409,Bromley,Borough
06b10f3d-fed0-4a52-94d7-cd90f8ff9854,Bromley,Borough
07d32389-423b-45ef-b4f0-463009ac0d0a,Bromley,Borough
08043aa1-8b26-4a1a-89a0-a9095ae0fdf9,Bromley,Borough
081fa672-661c-49ec-a67a-2936b787a953,Bromley,Borough
082c728a-59b1-48f7-ae54-40d1bad50a71,Bromley,Borough
082f4d60-34b6-4e02-aa5b-f06e6769cd21,Bromley,Borough
089e502b-6e76-43fb-9578-5fb3f737fcc6,Bromley,Borough
08efe6af-35f3-422a-969d-4448c8a42360,Bromley,Borough
0967b8ab-b8b9-4d54-88ed-6d679863b65b,Bromley,Borough
0972f09f-b58a-4e8e-835e-f91b03aa32b5,Bromley,Borough
0a0b458f-e34a-4d8f-a35c-4a9bd27caa07,Bromley,Borough
0a1a81af-1935-4fc6-acdc-76ca476f498d,Bromley,Borough
0a224f18-853a-40b1-af3c-255e6710c967,Bromley,Borough
0a3f9f3f-3b11-4330-b499-15e803fb2b7e,Bromley,Borough
0a69d83d-1631-4348-b2a2-fff4f2121c59,Bromley,Borough
0a69e835-cf00-4ec3-9f10-81667b6c630b,Bromley,Borough
0afeeaa7-8666-4437-8d1d-8aad2498b784,Bromley,Borough
0aff6de4-01e7-43c3-8ea8-62f4385b528a,Bromley,Borough
0b096584-9943-4665-a68b-edcf1297cc12,Bromley,Borough
0bebe013-1464-4b76-83f3-3ea3a5fb6e2e,Bromley,Borough
0c3d8e20-a404-4c6f-8d90-3f6582055e50,Bromley,Borough
0c4288ff-de90-4f5a-a10a-351371521fae,Bromley,Borough
0c611afc-b6f8-4d1a-bd59-7099c2040667,Bromley,Borough
0c6bc029-d19f-4c21-9df5-a6a0e4d172dc,Bromley,Borough
0c94ef41-918e-4ef5-a943-644c5d2e7567,Bromley,Borough
0d28329f-b17e-4f33-b88a-793b3be89adf,Bromley,Borough
0d36a115-b315-4fac-a1e9-8499989ce9bb,Bromley,Borough
0d3886a3-e31a-4145-81d3-715bb5dc9227,Bromley,Borough
0d515216-8224-42d3-833a-c1be50303f1d,Bromley,Borough
0d52510c-db07-43e7-a0fe-8de4b261fff8,Bromley,Borough
0d7a48fa-8900-40c7-8ded-5b5217f821ef,Bromley,Borough
0d82b893-0540-435e-9ba0-1249acc199b3,Bromley,Borough
0d8668ba-a5b5-4f31-8a1d-2da196d62035,Bromley,Borough
0d8cbdf4-2609-4c0c-b5e2-5077b15ebd36,Bromley,Borough
0d95c857-212d-40fa-ac7e-b08962734c62,Bromley,Borough
0dddf237-2cb4-441a-bc78-f7cb2fa99877,Bromley,Borough
0decb168-5ac7-486f-bb83-94ec3801e9c6,Bromley,Borough
0df2b586-5930-41ee-af5f-9c5dfcde852f,Bromley,Borough
0dfade5a-20e4-468f-8453-f92fe8038ce4,Bromley,Borough
0e09e202-456a-46fd-8b42-c02f95a9b64a,Bromley,Borough
0e0d0093-6cd3-4a94-b382-218e7d30cbc4,Bromley,Borough
0e2a38d5-d3db-4d46-8be9-2629e7a55b30,Bromley,Borough
0e3c7d1b-618d-40aa-8794-f11af4f20380,Bromley,Borough
0e3cf858-b099-4357-86eb-5a0a1172eee8,Bromley,Borough
0e3ff002-37e7-4740-9c02-ea813b965b8a,Bromley,Borough
0e9a73a0-4c7b-4b27-bf8d-79daaea205cb,Bromley,Borough
0ead40f5-e4e3-4bfe-a2e7-8d395a2459b9,Bromley,Borough
0ee324d4-5678-449b-8342-3829dcc7e204,Bromley,Borough
0eea6997-ffe0-42ce-80e5-088487602388,Bromley,Borough
0f113742-1f5c-4088-9048-55866e69374c,Bromley,Borough
0f2807f3-af85-40c0-bc64-cfbdcd61acc0,Bromley,Borough
0f936097-cafb-4bdb-bc43-a9fa23645080,Bromley,Borough
0fdc9c5e-9467-4a5b-9f74-4c18f5923295,Bromley,Borough
0fff8ea7-66e2-4cdc-80f6-63b294c11508,Bromley,Borough
1085f06e-c7a9-46bd-a8fe-c409dee3d9e7,Bromley,Borough
10a89c3c-d926-46a2-b30b-e5ea3b9ae74b,Bromley,Borough
10aa7fc2-ab41-44d2-89ab-67889e2a826d,Bromley,Borough
10afcdb7-276b-4ea7-9cc4-24f5b26a204d,Bromley,Borough
10df9af7-e8c7-4cd5-86b1-7e8a43a19282,Bromley,Borough
1137b122-b9e1-4e88-bca8-634c1ebdfb7c,Bromley,Borough
11eff938-ba80-4fc6-8543-8b81a348be12,Bromley,Borough
1213fe57-2a2a-4397-b8fa-4fd0ce84c372,Bromley,Borough
12577432-9b88-4d6c-a27a-fd599e971822,Bromley,Borough
125d2630-0f67-4c12-90d8-16e2a8e5f86a,Bromley,Borough
1280d970-8395-4c20-ba54-fb070a7a5941,Bromley,Borough
128f5139-23d4-41f4-a2d9-9d859b034ff5,Bromley,Borough
12a31b08-99d2-4c14-a4d6-5c97d8d2169e,Bromley,Borough
12a333f6-0094-4a38-8c72-af0763941578,Bromley,Borough
12f774c7-af12-4021-9a2c-a904c163716b,Bromley,Borough
12fdf699-edca-4caf-a640-de9efeb70d6e,Bromley,Borough
13014f53-e1d8-4fb1-a1c4-4d440bafa36f,Bromley,Borough
131b22c5-0995-4456-b135-e2f1e7cbaad5,Bromley,Borough
13239bd2-1ffc-4fb3-8600-2e0fab609de8,Bromley,Borough
132ac813-807f-4bbe-867c-90de218d1e36,Bromley,Borough
138c83a0-8fe8-4a22-bec6-9424111f03cc,Bromley,Borough
13a5a8b3-43d2-473d-8bc4-f18d3d46a10c,Bromley,Borough
13b863e7-7b3e-42a8-b1a2-644a17912e4c,Bromley,Borough
13d235cc-5e13-4be9-bf8a-a9c32f493e95,Bromley,Borough
1441c82e-a08c-4224-a642-610dd341d359,Bromley,Borough
148d80fc-450c-4f4c-941d-083e9a094c58,Bromley,Borough
14a2c85d-7ac7-48b0-ba13-5f7a323e8dc6,Bromley,Borough
14de242c-0d32-4721-b8e1-57558d1a0504,Bromley,Borough
14f2ab79-f9c1-40c9-97d5-0b7a6273eaf3,Bromley,Borough
15001ff1-2a5b-422d-862a-5d39b1fe0519,Bromley,Borough
1509cca8-b0e2-4b2f-a330-b4ef1e9528b6,Bromley,Borough
155df211-319b-4b53-ad0c-495e2460da79,Bromley,Borough
1568abd0-6478-49a6-ae08-c65d03818580,Bromley,Borough
15bb5634-2fe1-4eeb-bcd3-882d473e54e5,Bromley,Borough
15c5fed0-cb5f-483d-9d7f-467886d85033,Bromley,Borough
16d94aeb-a580-49a9-bc69-8f1ac38bdc65,Bromley,Borough
1707aaf0-aff1-4f0b-a88a-643885126c36,Bromley,Borough
17315024-86b3-49e0-b00c-1b5dbfb6367c,Bromley,Borough
174ffdfe-7555-4cfe-ba31-1f8cde59e54e,Bromley,Borough
17a912c4-3f2a-4f5d-b832-bb67881c00dc,Bromley,Borough
183cf822-33b7-49ae-a632-32fba806a513,Bromley,Borough
184e027c-2f7b-402c-8566-6b201e2caf4c,Bromley,Borough
1854ea7e-ca55-46d8-942a-8e597ce50800,Bromley,Borough
1857c86d-16e3-4769-9098-5e160f774cc1,Bromley,Borough
189a3534-45e3-479a-af54-c8b024110da2,Bromley,Borough
189b04f3-34ea-4f4a-8780-504e9dd258f0,Bromley,Borough
18ab52ce-c37f-42b2-ba48-51d0c37eeafa,Bromley,Borough
18c4525c-1568-4682-b789-17149df39abe,Bromley,Borough
18fa06a3-96f7-4ef0-b0aa-329f99b803d7,Bromley,Borough
19256971-818f-4ca0-8ccf-382885e5f42f,Bromley,Borough
1928eb1e-0a26-4d1e-b4c3-3583f13aace6,Bromley,Borough
19821e9b-53a0-43ba-a533-c967a7e8350c,Bromley,Borough
1a213516-aa93-427e-bd6b-bca00dec7309,Bromley,Borough
1a389171-9088-4176-87f3-32a567c1fb19,Bromley,Borough
1a5bcf29-6209-46c4-a537-5465f0df0308,Bromley,Borough
1a8b2228-bdb7-4354-83be-513b92469b9e,Bromley,Borough
1a9759f8-5392-4df1-acf4-74c95f417c09,Bromley,Borough
1b047656-4289-46ed-846e-63b5434adeaf,Bromley,Borough
1b128cbd-8e7e-44eb-97d9-9189145f3712,Bromley,Borough
1b391c2d-af19-48b2-b531-4de764717821,Bromley,Borough
1c1ebfbd-da7d-465f-a686-520bf91ed841,Bromley,Borough
1c5c4d9e-46fa-4160-b334-9979bbf83ef1,Bromley,Borough
1c5f80f5-13b0-456f-a9d6-8c5611d8c731,Bromley,Borough
1c81a883-81da-4ebc-9ac2-1e1a1f5aefe4,Bromley,Borough
1c82a6a2-bb48-4725-a716-f4ec69710c5f,Bromley,Borough
1c9252ec-97fb-4e14-891c-504ab86bb769,Bromley,Borough
1c9d2149-da2c-43a1-ae14-85c6b81a0c94,Bromley,Borough
1c9f5324-2127-42c6-80bc-7953c55c2758,Bromley,Borough
1caaad8d-b4c8-4a84-b650-3ad1e8360d8d,Bromley,Borough
1cd0383f-f704-429a-a749-9333524863c5,Bromley,Borough
1cd99212-987b-47b7-bff7-daaf0441d176,Bromley,Borough
1d659113-a34d-420d-953b-e436dd84044a,Bromley,Borough
1d6e14af-e47b-4741-81ad-db89ffc6b89a,Bromley,Borough
1d74a971-6a35-49bb-9bcb-cfc2d580b64d,Bromley,Borough
1da7444e-4a4a-4433-85c1-db263d8de18c,Bromley,Borough
1dae8acf-c0e5-4724-b28b-64e60962d852,Bromley,Borough
1dcded0b-ef96-4aee-ad45-3049c4ba5813,Bromley,Borough
1ddbcd3b-681c-40ed-b339-0c77aab4ac2a,Bromley,Borough
1e24469f-cdd2-48b0-8b7a-4d9cb80525e9,Bromley,Borough
1e765fd0-eecc-478b-ad35-7ffdcfe871b0,Bromley,Borough
1e869239-3607-4fc3-ae44-f5d74f439eea,Bromley,Borough
1eb1ba27-d9e7-4b81-b3e9-4d94061568e9,Bromley,Borough
1efcc367-4898-4f86-81b8-817a678165fe,Bromley,Borough
1fc1d753-f6b1-4080-b1ab-7a4037317950,Bromley,Borough
1fe73d13-050d-46a6-a367-06d324daa076,Bromley,Borough
20962077-4065-44d6-b351-435ef3e0c2ea,Bromley,Borough
20d45c9d-b9ba-44b1-af28-cbb2db8e5b91,Bromley,Borough
20f6c574-5511-4680-9231-387f63dfbbe7,Bromley,Borough
2114a870-d2b0-464e-91f1-17cb974047a5,Bromley,Borough
21441855-ce66-4c32-a9c6-3edccce871ea,Bromley,Borough
21523618-b028-4e6b-bf64-379e15bd062a,Bromley,Borough
221e06ff-a7b7-49b5-97b4-11d98c8c69b0,Bromley,Borough
222cf8ab-9e50-4928-ba16-c50158577a89,Bromley,Borough
22b2199e-bff3-4a60-98e8-144b282affbf,Bromley,Borough
22de0939-12e9-47b2-80bc-4c1beb08a7d8,Bromley,Borough
22eb38af-c1e6-436d-8dba-77ab9d82c6a6,Bromley,Borough
22f02336-aeed-473c-b5ad-6e6273c40f43,Bromley,Borough
2333408b-b666-4281-b8c2-265c52d20891,Bromley,Borough
234a0f0b-62c3-477a-9938-a826e2c07d9a,Bromley,Borough
234dcd75-ad10-4c87-8e27-37c9b72a13e4,Bromley,Borough
240b7437-60dc-4fb1-8d15-a5ae72266b85,Bromley,Borough
2473bac8-c23b-4bf4-b034-c9eaaadda022,Bromley,Borough
24ae40aa-eccd-4c5c-99a2-2840a8a3b6af,Bromley,Borough
24ff7dbb-4a03-4b72-a22e-b0f6cc3531a4,Bromley,Borough
255eba1a-e89d-4e5c-885f-209afa283b71,Bromley,Borough
257919e6-8410-4226-9dc4-0d6881df1cfd,Bromley,Borough
25905c6d-35d3-418d-8fc3-21c8d59d9987,Bromley,Borough
25a7ce8b-fa9b-45da-a9a5-33b7ac4912c1,Bromley,Borough
25ea7b64-18a1-4538-8ee0-b096313fa3bf,Bromley,Borough
2633c8be-e5b4-49e1-8f65-0798904350c7,Bromley,Borough
26579b10-41a9-4e04-b1dc-8a17ee09acbb,Bromley,Borough
27349083-9ef3-4169-b16b-9b6b9065c016,Bromley,Borough
2771ffaf-f3ff-4e43-b391-66be4052a6a3,Bromley,Borough
27925e4c-aa1b-4537-a43c-7dc9fdb37061,Bromley,Borough
28004fec-b930-4925-985b-cba9d118605a,Bromley,Borough
282b7fde-dad1-4805-9991-f44bd047c163,Bromley,Borough
285094e7-60c8-451e-931e-68ef11fd9293,Bromley,Borough
28554c00-9b16-4d54-ba54-a1fb733640f6,Bromley,Borough
288c7eb4-5bea-4a93-91a2-58ed25a3ecd4,Bromley,Borough
290b74d2-34c8-41f2-baab-20d1e83b3642,Bromley,Borough
29185486-bba4-4623-a9c5-ef1bde85e564,Bromley,Borough
2922add5-5919-499a-85d0-d06cbf938c3d,Bromley,Borough
29a8f2c9-26bc-47cd-9021-32a28e4d5279,Bromley,Borough
29a99d8a-9e98-41ae-829b-388ece1e1719,Bromley,Borough
29ac1686-1210-4331-9439-ccfbb40e4c4c,Bromley,Borough
29ba1c24-825b-474f-ab09-df087283c7a0,Bromley,Borough
29bd1414-d1d6-4a03-b6fc-74de35c94dd2,Bromley,Borough
2a4d444e-ff4d-4dfc-9a29-67324143d658,Bromley,Borough
2a830710-b70b-4721-9eb2-374942b3f839,Bromley,Borough
2ad86de0-658d-438d-998b-e5600982c166,Bromley,Borough
2b0eaf70-2885-409d-9327-963d27e19feb,Bromley,Borough
2b7721ba-cbaf-4740-b7a5-cd975a0f77e1,Bromley,Borough
2b85f022-af7d-4457-8047-5a9804fb5f76,Bromley,Borough
2c456a6b-b14b-4451-a46f-f273c85d7749,Bromley,Borough
2cb9e0b9-6256-470a-806f-b4b311ff602d,Bromley,Borough
2d1097c7-727a-474c-b9fc-90f30364a33d,Bromley,Borough
2d7ccbd7-f055-4a83-8460-46d7e5c05057,Bromley,Borough
2db036a0-e365-4ac0-adc8-4c36dc13636a,Bromley,Borough
2dc1705d-2bd5-4c9b-a9a4-d095bc8e4ce1,Bromley,Borough
2dc981ac-bf3f-4a0f-9118-ad56d5b23c32,Bromley,Borough
2ddbe8b1-7bf2-48a6-b67e-9c79cab5b3b7,Bromley,Borough
2e70b814-c2dc-4373-b612-bd155b0fd151,Bromley,Borough
2ed5c0f6-9fd9-40df-8b21-5bf1d34c14cf,Bromley,Borough
2ee4b5a0-3167-424b-bbbc-22d5d85c9a5b,Bromley,Borough
2f557131-af44-40f0-9e90-706f35812ee7,Bromley,Borough
2fe0eed1-912a-4388-a34e-f34544525d6c,Bromley,Borough
303f2bc7-7f5f-44c9-9e74-4aea47feb8a3,Bromley,Borough
3051a4a2-be70-4d71-be4f-097b41e25454,Bromley,Borough
307854d4-1df6-4211-9742-8e38c211e94e,Bromley,Borough
3114242c-2db1-49ca-9f80-6bef19fa59c4,Bromley,Borough
311d7664-88ca-4f0b-b298-1502bac11d96,Bromley,Borough
313103fc-8763-44c1-bc41-4b296d062896,Bromley,Borough
317dd580-dfca-48c9-9aea-11dd58331917,Bromley,Borough
317f66ab-4cb7-4047-836f-94baa24282be,Bromley,Borough
31ad2fdb-408b-4b8d-9a5d-f8cc88b0be2a,Bromley,Borough
320d62bb-1a23-4728-b30a-ae436cb37cc8,Bromley,Borough
322fdb37-6433-4eb8-9086-f1da9ae6cb10,Bromley,Borough
323e2210-1ec8-4f95-ae5f-3a0291c3d7dd,Bromley,Borough
32465baa-cca1-49aa-9c77-460806d5abf8,Bromley,Borough
3297b254-d805-42d9-ab36-e810e556dfa1,Bromley,Borough
33202a04-3cab-4f40-b113-993702a1e06f,Bromley,Borough
3325ebbc-82de-473d-9b47-43ff3b7cbdfb,Bromley,Borough
332d237b-0db5-432d-978a-2e20cf131d91,Bromley,Borough
33c594c5-6202-4f02-a32e-48eb0c6ef232,Bromley,Borough
33d85d49-44b8-4c88-bce6-e5351b3afac9,Bromley,Borough
33e931e9-fddf-417a-bcf9-0d2890bcf212,Bromley,Borough
3414a1b7-784d-4bca-a999-456f9b83929e,Bromley,Borough
34410472-2d75-4b15-a1a2-85f21ed44db2,Bromley,Borough
34a1dd51-34e3-40f4-a475-a31dca377355,Bromley,Borough
35296afe-abf6-4807-9c3a-81e218c823d3,Bromley,Borough
354548ec-bff2-4522-8fd1-00358889d747,Bromley,Borough
3553c5b3-9c44-4cb1-8ae7-29ed7dfa1d0a,Bromley,Borough
35855b27-3eb0-49c5-b603-593dc0d48484,Bromley,Borough
361f908d-8072-475d-8b85-5bbaaa75d45b,Bromley,Borough
362c134f-4241-4cdb-9388-29538e34be9d,Bromley,Borough
364d70b6-489d-4441-be2a-c1984ea1ce6a,Bromley,Borough
365215aa-21a9-47d4-a761-3908441596e6,Bromley,Borough
3680078b-ec72-436c-9875-08b38a15748b,Bromley,Borough
36a58ea4-66de-4d49-beb2-f90fb295510a,Bromley,Borough
36d19924-7d38-41f5-aefb-86dc73ecf2d2,Bromley,Borough
3704e256-d1e3-4306-8c38-ff7f44285594,Bromley,Borough
370529c4-c780-414e-8b0e-d638be39cd06,Bromley,Borough
371c22f0-4356-4a1b-a68c-13803756bd18,Bromley,Borough
3748a4bc-ca26-4b31-94ee-b5dce04d503a,Bromley,Borough
37d5a1f3-a499-4d7c-9047-9ce9e21b12e4,Bromley,Borough
37fe237d-2a03-4472-96f0-d280d549b21b,Bromley,Borough
3858802e-5486-4408-a456-9a258fb71693,Bromley,Borough
386e7a32-4d26-4a89-a509-c7144cc40e56,Bromley,Borough
38a3a779-b6df-4ab5-b422-31b7ea9abb01,Bromley,Borough
38c7fe8e-34eb-4244-b9f4-aa79b226a6a9,Bromley,Borough
39434f5e-99c0-4f60-bd4d-ee136a6dda0a,Bromley,Borough
3952f8a0-fc91-4685-ba5d-0a08725b74a1,Bromley,Borough
397baa22-14f3-44b3-88cf-315aef4986cc,Bromley,Borough
3993ce14-a9b3-462c-9e51-fa674b87677d,Bromley,Borough
39b791f3-1b8a-4561-b8c2-31fdf9360612,Bromley,Borough
3a8ff9ea-2af8-449a-bf1e-bcc2b4de6b06,Bromley,Borough
3a9e0a2c-3991-46a0-b03b-3cba43657e29,Bromley,Borough
3aa87150-d21a-4608-ade1-f3ef2b2bf8ca,Bromley,Borough
3ad987f4-7d7e-4349-a591-2a49b32a4bec,Bromley,Borough
3afa0687-384d-434f-bf99-7a2c87671e06,Bromley,Borough
3afa0fff-ec2e-42fc-8ffb-b07fb9ae682a,Bromley,Borough
3b1af5c8-f6b0-4bc2-ada6-b96f48648c43,Bromley,Borough
3b7c113d-ea4a-42f8-b946-9dc7bf026786,Bromley,Borough
3ba49b41-9f17-49f7-b6f8-7c2dec5eec4c,Bromley,Borough
3bbafe05-3aac-4b21-bf71-9b3777ced52c,Bromley,Borough
3c459963-5092-48d2-b940-545a24e4e337,Bromley,Borough
3c4fe2c5-bb9c-46ab-9dea-6c2caee0ac07,Bromley,Borough
3ca1e433-ef7f-4b47-b74c-500257d798ce,Bromley,Borough
3cbfcc7e-ddf5-4d02-87fb-9df792dac2f0,Bromley,Borough
3cc768dd-46dc-4413-a54d-29854ada3a90,Bromley,Borough
3d33bead-c80d-4a17-992f-e8d5c044b2b0,Bromley,Borough
3d37600d-0783-4c6c-aa3d-bc1724e6dc7b,Bromley,Borough
3d6fda5e-f611-49b1-a036-664f7f089fc8,Bromley,Borough
3d866230-5611-4a03-ac07-222d2b3ce114,Bromley,Borough
3da86094-4cbc-44fc-92b1-1509e172cf08,Bromley,Borough
3dc847e4-6d2b-45d1-8f7c-ed987f599c88,Bromley,Borough
3ddb6510-8273-47c4-847e-2de36fe39b94,Bromley,Borough
3ea4c4c5-34b9-4c7c-9cf4-b0f833ff782e,Bromley,Borough
3eaf5d80-1155-4017-b425-ffd550bea67c,Bromley,Borough
3eb69eab-241a-454c-add8-44926ca1eb00,Bromley,Borough
3ecb548a-777c-4184-a77f-13da45675058,Bromley,Borough
3f18a02c-5dab-4513-8156-6da612d3fbb7,Bromley,Borough
3f488fc8-8106-482f-ae0f-d27bac79d329,Bromley,Borough
3f74042f-a7c0-4ab8-ba5c-4e6283a316f1,Bromley,Borough
3f9406f9-37e1-4cd4-861b-ebe58b914b71,Bromley,Borough
3fb8529f-0773-41c8-88db-8d49233edc3f,Bromley,Borough
3fc4a14e-6bd1-4044-b61a-2ed59430b021,Bromley,Borough
3fcd2b6e-6a0f-4b93-85e3-a328305040cd,Bromley,Borough
3ff6cd9f-05aa-4b9c-aae4-d0d1c0397b89,Bromley,Borough
3ff9de1d-3182-4270-a138-e4340e4a77b1,Bromley,Borough
3ffbf818-1c27-497a-bcf0-d2486174da49,Bromley,Borough
400faa33-c5bb-44ca-b2c2-3c140185b742,Bromley,Borough
4024e971-6d41-4dbc-8f3f-4e6aabd879ff,Bromley,Borough
4058393f-662b-4bdb-963e-58172a192451,Bromley,Borough
40b37bce-a34f-4ac4-857d-0fd18f0a7c0c,Bromley,Borough
40c8537a-3c24-474d-bc8b-0ac9ec47f1be,Bromley,Borough
4143bcfc-5bac-406d-a165-0c3988566ca0,Bromley,Borough
415284f8-1b4d-4fde-b23a-806e9d41eb35,Bromley,Borough
41555290-ba5d-401b-b944-32557e44a0a1,Bromley,Borough
4171b125-7e20-4791-8c72-6eea7d41eecc,Bromley,Borough
41730f41-4656-45e4-8263-966048b5a9fb,Bromley,Borough
41a64a96-ae0a-4c88-b891-076dcf60b9c4,Bromley,Borough
41c7de20-e04c-488b-9d0c-ccb4ff303a28,Bromley,Borough
420820a5-a9ea-4875-9067-532b13a3cad5,Bromley,Borough
4223b3df-53ad-4c15-9266-7805057cb67f,Bromley,Borough
42343d7f-2da1-493d-9ec1-0d9e2f09fce4,Bromley,Borough
423ea952-1923-4927-bc8c-130dfea5065b,Bromley,Borough
424dd350-03e9-471f-ac37-aa9048a1582e,Bromley,Borough
424f892d-75a1-4557-91ac-23d392eab38a,Bromley,Borough
426e1d16-c945-4ef6-bd13-0b02a2ba681d,Bromley,Borough
426e307f-937d-42f2-b808-1303300fb1d0,Bromley,Borough
42a260f8-37ea-4371-9f3f-93decf769335,Bromley,Borough
42d2db3b-9360-4049-ac6e-cf5fd76ac888,Bromley,Borough
42f60504-a84d-4379-b7a1-0b9dfe8e7b1f,Bromley,Borough
42fa7341-32ca-4c76-85d9-c7a316fb376e,Bromley,Borough
430c3b59-2634-4166-9fdf-ac9d134d055c,Bromley,Borough
4354205d-37aa-4c49-a9d1-179a2ed9d053,Bromley,Borough
436a3a05-02d4-4eb9-bf7d-a27e12186523,Bromley,Borough
439f7f09-de12-49cd-a6f1-d74afffafed9,Bromley,Borough
43fd7b23-1da0-4b7a-8b17-b6649ad2316e,Bromley,Borough
43fe4bad-9e73-4c9a-8795-781939d7ec7a,Bromley,Borough
43ffeb1e-6949-44b7-b3c0-25da3b3a080c,Bromley,Borough
44adee8f-437a-4c7c-9bcf-e430d7cfaf95,Bromley,Borough
4512920d-94ad-438b-b3b7-902292e8c6e0,Bromley,Borough
4579def4-b53a-41d0-b7c2-ac2982ad504b,Bromley,Borough
4592c4fc-1e19-4429-a4ae-37db89d2c03a,Bromley,Borough
4702939d-ca67-46cc-b933-c0b6262a3167,Bromley,Borough
47031f20-8ca8-4a96-a715-5abf2f07abe7,Bromley,Borough
4770a7cb-cc4c-45aa-881d-3835ebf52dfa,Bromley,Borough
478bb583-2fe3-45a5-900b-bc393780d1a5,Bromley,Borough
4796e31e-9082-4248-a1a5-5fc15647f906,Bromley,Borough
47b21c66-e8cd-449a-bb4f-145ca8d3e987,Bromley,Borough
47d468af-a32a-443d-a4b7-ad0e3ac19994,Bromley,Borough
47dc238c-4b5a-4827-b19c-fd928ba84162,Bromley,Borough
47e24da0-a68f-471a-8ab7-42775601bc6d,Bromley,Borough
481a7dc7-6835-48d8-b501-b9f070c30c34,Bromley,Borough
4842911b-f1e0-4d84-8d25-1c85d0dc40cc,Bromley,Borough
48997b21-e430-4993-8699-1901bb23f348,Bromley,Borough
48fcc0e9-9f07-4e30-9f00-d53af1b385e6,Bromley,Borough
49198b56-b49d-4be4-8a5e-e070cb0206ca,Bromley,Borough
4955c7bb-8d6a-45de-96ea-8f66ed33aa35,Bromley,Borough
4a6207c2-007e-442e-96b5-4ddbc5b5f190,Bromley,Borough
4a999795-9a71-46da-ae15-0f587192b8b1,Bromley,Borough
4af09fa1-6315-4928-a776-b12b83043394,Bromley,Borough
4af5163d-1945-4046-8f52-ddd19499cf71,Bromley,Borough
4b74bed1-e91b-44c9-bf8f-1f9db5afb08b,Bromley,Borough
4b911322-6334-430e-b298-e515215710f9,Bromley,Borough
4c943896-4074-4433-8249-64b8facef8f4,Bromley,Borough
4cd578b7-6976-44c4-841b-e11d788c57a9,Bromley,Borough
4ce5c929-7cea-4ada-8f56-f05f724957eb,Bromley,Borough
4d2b8d3a-e1db-47ba-a47c-d33c28591de7,Bromley,Borough
4d48e194-ad15-40f2-abc7-a956c43353ac,Bromley,Borough
4d4fefb3-1732-4d4e-8224-82fb27796669,Bromley,Borough
4d62edb7-5936-48db-86e0-3906accca196,Bromley,Borough
4d78d861-c7c8-4b6e-850a-055b26f20383,Bromley,Borough
4d8f0b24-1af1-49fd-9972-bbbf89c17523,Bromley,Borough
4da9726f-1102-4aa8-918c-cde878755814,Bromley,Borough
4daad5b5-d51c-4572-87c8-fee11f3c823c,Bromley,Borough
4dcc86bb-85e2-43e2-b557-706f84a7f71e,Bromley,Borough
4e61d8df-cad0-4364-a6c9-e96b217aa5e1,Bromley,Borough
4e67fad2-27fc-4be4-b996-5313b8c4d831,Bromley,Borough
4e83a857-4024-433b-8469-24c346af6f80,Bromley,Borough
4eb2ebe2-a7cf-4d18-85df-6cf4f2d7c8e0,Bromley,Borough
4eb6146c-9780-47cf-ba7d-169c9bec9541,Bromley,Borough
4ede264e-8679-4ab1-9317-47b541cb10e7,Bromley,Borough
4f0bd20e-5053-46f7-b7c0-28236f0552d8,Bromley,Borough
4f2f37ce-0e80-46a2-b339-5bb5caa7f2f6,Bromley,Borough
4f34e1c5-fe39-4152-9d46-2f4c86401aac,Bromley,Borough
4fc0cf8b-6b65-4c52-936f-a2946b497f9f,Bromley,Borough
501fb46a-6cfb-4901-8e2e-e8d817c29a5b,Bromley,Borough
502709b7-f0d7-4cee-a931-68978b3759e1,Bromley,Borough
5053ef37-c3fe-4281-8698-93cdfa64783a,Bromley,Borough
507f92f7-947a-466d-9efb-27f80da6f5d0,Bromley,Borough
50d1c5ee-3a72-47d3-9e4e-d1c086a19da4,Bromley,Borough
5123b43e-3ef3-4ca7-b432-0c25148ec71e,Bromley,Borough
512eb636-d190-44c9-80ea-0c14f43d2615,Bromley,Borough
51584fcd-330e-4fd8-9679-2df952ad1837,Bromley,Borough
5170572a-4af8-4905-a911-a9438895252d,Bromley,Borough
5193bcb1-b88c-49c2-becb-8ec6812182ce,Bromley,Borough
51d1b254-3214-4bf1-bbd0-eb7b1215bfc7,Bromley,Borough
51e0c764-7606-4704-875d-f0d03b0e7568,Bromley,Borough
521024b5-b6ae-4651-8d33-1e20ef553663,Bromley,Borough
5278a62f-26cc-496a-a73c-61cc3d177294,Bromley,Borough
52983ed1-ab71-491a-b83e-f5b8cf95067b,Bromley,Borough
52af695a-3eaa-4bdc-a4b7-99454c39025d,Bromley,Borough
5355ef3a-3e7f-4900-a9d5-89be2efd6bd4,Bromley,Borough
5383a789-3cab-4d4d-95a1-122f34bcdd44,Bromley,Borough
53d81fa9-25af-47ab-9724-8339c4e50173,Bromley,Borough
53f87290-e960-4db9-83be-2e52c434ce4c,Bromley,Borough
5409e8f5-057a-443b-982f-9a7029bcf924,Bromley,Borough
540ec348-d005-40ee-a2df-5af36054adfa,Bromley,Borough
545c9c3d-7467-43af-aad7-3834fcf072b8,Bromley,Borough
5476287f-4051-4c90-8fc1-8df83d6932c8,Bromley,Borough
54ac11f8-9cfc-456a-a9c6-7a1caa14dd24,Bromley,Borough
54febc77-28df-4ad1-8307-dd7e15f38ac8,Bromley,Borough
550e2d47-fe83-40a8-836e-34794f18b419,Bromley,Borough
5510717f-b67f-45ad-8681-fea640e9eaa0,Bromley,Borough
5530ed7d-8d5f-45f7-b4f1-9dc6b8ac1574,Bromley,Borough
553f3ded-9cfb-4359-806f-f54dda22bb6b,Bromley,Borough
554a5210-ff7a-4c3d-9606-e1e840a061c9,Bromley,Borough
558e730c-3bca-4ab3-b0eb-c441d363a07a,Bromley,Borough
55980473-7100-4771-ad5d-606f6cdf6a7d,Bromley,Borough
563d23ac-36ac-4755-8b4e-367ba7741bf2,Bromley,Borough
56b4ee21-8384-4338-b53a-26753ca3b0e9,Bromley,Borough
56c6e0b3-2ae1-4b4f-8642-fbbb44eee55a,Bromley,Borough
56e4176e-43c5-4449-b982-e0070b015d26,Bromley,Borough
56f509ef-dfe9-4560-95ba-4242747bf20f,Bromley,Borough
571306b6-75c6-4f85-8d99-6adfaec2007b,Bromley,Borough
5750eb33-4158-4ca2-90a2-a2eda1ab2bf5,Bromley,Borough
576a1d4f-05bd-490a-97ec-12f53d67b4a3,Bromley,Borough
57764146-2ee1-4234-8147-5cf243aa2e3d,Bromley,Borough
577dad82-5799-4a45-820e-1c9351ee4342,Bromley,Borough
57ab9b10-4b9e-464d-a903-ee8323cc1ae4,Bromley,Borough
57fcc90f-63a0-4a3a-b397-5bb7bc06a541,Bromley,Borough
58005828-ce9e-46bc-9c3f-5eafe0e3bbb0,Bromley,Borough
585ca4cd-7bb5-4ab0-9463-c2f82225f5c0,Bromley,Borough
5894f6d3-802f-4903-93b4-c3d9ffc4624a,Bromley,Borough
5948831f-a6db-452e-9f61-4dbd32771545,Bromley,Borough
59eddcb3-36c1-4fa1-9ab4-4fd0cf4a3c11,Bromley,Borough
5a418fab-91fc-4f51-9316-d3e4a60a3249,Bromley,Borough
5a8a5ad6-cbff-45b1-8920-49db279041d4,Bromley,Borough
5abfe9af-b65d-48c0-b0f8-5bdeaa3a5f56,Bromley,Borough
5b223c88-2eff-44a1-bd92-75403610f013,Bromley,Borough
5b9ff2a2-f133-4a9b-bf4a-cc3e3f57330c,Bromley,Borough
5bd733ed-4904-428f-bfba-2c412d8edbba,Bromley,Borough
5be0bcef-2f00-46f0-9141-22fd7f2362a5,Bromley,Borough
5c031b88-3a41-4984-98ae-41358736cb2f,Bromley,Borough
5c0c1250-dd44-4464-aed7-a208bad3cec7,Bromley,Borough
5c41bb7c-4f1a-44ba-99d4-f1ba3d0c680f,Bromley,Borough
5c5def8b-ff13-4f4f-ba2c-37d056c4b38f,Bromley,Borough
5c6627c8-51dd-4770-8c1e-a4f86fe1b654,Bromley,Borough
5c84dfd2-98c0-4971-b8ec-d6ef8e6151fa,Bromley,Borough
5cab06dd-9e5e-4c7f-a082-d2e6ab0905c7,Bromley,Borough
5cadb77b-f99f-4e46-967c-09b6836ab638,Bromley,Borough
5de17a7f-a5f3-4c6f-b7dd-5445d104e584,Bromley,Borough
5dfceca8-578a-4a16-ab00-0749ad14b2ff,Bromley,Borough
5e181eae-5e05-4e93-89c6-82ae687bde13,Bromley,Borough
5e25d124-d1e6-4ae7-97ba-9f56b494f2b7,Bromley,Borough
5e2cced0-064f-4bdd-8709-d26ae9174b6d,Bromley,Borough
5e4b0d00-e7c8-4bb3-99dc-d780839ff241,Bromley,Borough
5e5a32b1-bd65-413f-8cf6-5eee1d448040,Bromley,Borough
5f05257c-4e59-47ce-9fba-5d0c324d6939,Bromley,Borough
5f158856-133b-4807-92ac-e56b301dbe6f,Bromley,Borough
5f42b590-d59b-4ae8-af82-fd3345ff2aa3,Bromley,Borough
5f689c7a-b339-4c2b-876d-b0dcf8115d97,Bromley,Borough
5f769755-dc6e-4524-aa20-cdc5286c7b31,Bromley,Borough
5f78e4fc-a13d-4aaa-9e28-c45cd1d4742f,Bromley,Borough
5f823f38-1981-4e58-b25c-766b4727f14f,Bromley,Borough
5f9851e5-f32b-4533-aec9-457b442a6b16,Bromley,Borough
5fc9cecd-0996-4880-b85a-794f41a1ae94,Bromley,Borough
603b13e9-49ce-4990-9dcc-08235e26bd54,Bromley,Borough
60b1d4c1-833d-4fbc-b69f-7fafac44c2e9,Bromley,Borough
60eba613-f897-4c6f-98e4-c2f936c2f6f2,Bromley,Borough
60f10be4-e4a3-4c76-adc9-23a6e0b42d37,Bromley,Borough
61330dc0-7992-4e5e-9d73-e33b3db2be3b,Bromley,Borough
618f209d-4712-4eb6-9517-259e983a9435,Bromley,Borough
618fd8f6-dd47-480e-aba3-f8e5a161453c,Bromley,Borough
6226f3e0-0c3c-4ea2-b87e-b39cc40d221a,Bromley,Borough
62370453-5978-4256-9cef-93ce08266302,Bromley,Borough
6248b3ba-f738-4052-b1e0-fd02b63c0935,Bromley,Borough
62565341-bdd6-44ac-8b4a-a734ee47ac5a,Bromley,Borough
62a4945e-d9ae-4bbf-a355-34bf90f92754,Bromley,Borough
62a5191d-4a40-4272-87d1-6c560ea430ef,Bromley,Borough
62b245d1-7234-4afa-a72f-19bc546a21df,Bromley,Borough
6328a683-106a-41f7-8659-71af49800498,Bromley,Borough
632cd40c-c84f-45d5-849f-98fccd08f849,Bromley,Borough
63330c2d-d099-4248-ae2f-aa3438356ceb,Bromley,Borough
6377531f-9f43-4360-a649-223453a6255f,Bromley,Borough
6387ead5-d3de-419b-b310-d11adc35fe53,Bromley,Borough
63ffe19b-fedc-4514-9b3f-f456e7deaf8e,Bromley,Borough
6423e6a5-140d-46df-a27e-b7238a0923e2,Bromley,Borough
64268b00-4e61-4ac1-ac24-b54b9f530262,Bromley,Borough
64509351-4f1f-415c-9df9-b9feeb046dc4,Bromley,Borough
645817b7-92c3-479d-a2b1-ffca3a46a7bd,Bromley,Borough
645ca60a-a489-4b49-b888-14b4d5cd8ff6,Bromley,Borough
647aca34-2324-4e6d-bca6-ebb0ede0aa25,Bromley,Borough
648626a2-60d2-4792-a58d-e061efb25219,Bromley,Borough
64e1dfd0-3797-4bc5-8b82-c2efaeeb2b12,Bromley,Borough
64fd1a0c-09b1-4bf0-8e01-342b5eca7418,Bromley,Borough
65121cd4-abf5-4f32-a101-9df9c7d551bb,Bromley,Borough
65206448-dafb-4ff1-89bd-7c20c469c931,Bromley,Borough
6570b17d-99f1-48a3-b541-fe7848d3e3de,Bromley,Borough
657d817c-1866-4f55-952b-6c8401cd3c79,Bromley,Borough
65c1f4a7-b5ff-49be-a361-2c18f2b332a0,Bromley,Borough
65f35373-0b9a-4f68-8bfd-b4c498e4c961,Bromley,Borough
660064bb-67d2-4dcd-bcc4-e030ac8e3da7,Bromley,Borough
66367e5f-d5f9-4b9c-a9f5-6532702e18ea,Bromley,Borough
6690e018-0840-414b-8585-e7e827dfc75e,Bromley,Borough
66c5e59f-6e17-4613-a54a-cf0913365185,Bromley,Borough
66e7d3a2-897b-422a-8afd-0c0f0f51c84a,Bromley,Borough
67053952-079a-41b0-bf16-24c64b8a3855,Bromley,Borough
670a3867-ec15-42e0-ba3b-f8819f5e3ada,Bromley,Borough
671f9bac-ad49-4cd2-8e83-c5367e22a589,Bromley,Borough
6736c98f-b26f-40ee-8bf6-2bb50c1211be,Bromley,Borough
67e514e3-3b4a-4340-bd76-e0bb63733914,Bromley,Borough
67e8e6dd-5707-4109-86b4-c1ce0ab5127c,Bromley,Borough
680ecaf5-f44b-40b6-b205-da4e1d095826,Bromley,Borough
681caa6e-bd2f-411d-a16e-19f84c3b4172,Bromley,Borough
689571f2-9047-40b1-a6ec-cdfca5e07994,Bromley,Borough
689ce46a-a01d-4331-82ec-f49e1f5aca00,Bromley,Borough
68a45ede-30e5-4f4a-86b7-660931719783,Bromley,Borough
68fbcecf-f65b-45d7-84a0-1d993c1e0336,Bromley,Borough
6902b7d0-93b2-4ee5-88df-cbc43940f75d,Bromley,Borough
6916d8c6-4d2a-4b89-883d-f118e124a59a,Bromley,Borough
691ded7e-9201-4458-b3a1-be418ca9765c,Bromley,Borough
697e5578-86a9-48c8-aab7-b1a07a385287,Bromley,Borough
6990112e-30fd-45e9-98b1-29409b86f3e2,Bromley,Borough
69d65181-0ce2-4487-820c-9a5aa4e5035c,Bromley,Borough
6a5091f5-1ed7-42a6-a226-55bcf998f2dd,Bromley,Borough
6a5cc31c-5646-4194-92f7-101696a4129f,Bromley,Borough
6a8f263b-9930-4dd7-8e51-98da2f49c418,Bromley,Borough
6aec7e67-4ff4-4fe9-9b3f-f7b6af8beec3,Bromley,Borough
6b377fbf-09d7-4ab4-9c7e-398ba530b55e,Bromley,Borough
6b962820-b84e-4976-a0d6-79c44a5f1536,Bromley,Borough
6ba53798-6cdd-4b2a-bcc4-b283e927a10f,Bromley,Borough
6bbca43c-4a98-4593-97c2-7a5c60d19e57,Bromley,Borough
6bc9c1cc-9116-4b2a-b62c-76356bd1750e,Bromley,Borough
6c46fc8d-72e4-4f00-8785-08863bec8b04,Bromley,Borough
6c71620f-2a54-4e59-8972-77087fb7f9a5,Bromley,Borough
6ccb1508-58cb-4937-becb-37b14e2986b5,Bromley,Borough
6cd99d8b-8e6f-4a9c-9f88-ec27497b3d3a,Bromley,Borough
6d07057a-545e-4342-b2a5-2107c0ed8bbe,Bromley,Borough
6d5d99f7-bc53-4f35-aaa4-7c6e0a602877,Bromley,Borough
6db13d56-775c-4b2d-9943-99b452780730,Bromley,Borough
6e078b6b-62e9-4f98-bd62-83d6ee7d76ae,Bromley,Borough
6e23e16a-c165-4eec-b9ea-c837f6bb2a97,Bromley,Borough
6e2afa70-d226-4a2f-aa6d-162a6ff017a2,Bromley,Borough
6e40370c-162a-44ea-a49e-f4ccaa784ae1,Bromley,Borough
6e452b9c-09df-4bd8-a21c-40b727fe1d6b,Bromley,Borough
6e73b2d4-9358-47ac-9166-6d7dc2a8d5e1,Bromley,Borough
6ecc406f-6c31-4b0f-a695-3db28d6736f2,Bromley,Borough
6fda007d-04d8-4b9a-8995-c54fe3ac6944,Bromley,Borough
6fef7d29-774f-4106-849d-4c60565e8326,Bromley,Borough
7022425c-f823-4e7a-bff3-3dfe116da559,Bromley,Borough
70403e51-fe80-4eb9-b0fa-726bb5a5f5fb,Bromley,Borough
7069524f-6a2d-4d5e-a808-6cd749d69fc3,Bromley,Borough
709efdf0-3711-4911-abb5-1ba68503542a,Bromley,Borough
70a07a6d-ad9e-489c-98b3-57f042101223,Bromley,Borough
71054f90-a8a3-4559-adb6-9bcc16dd4984,Bromley,Borough
713256df-1530-4f9b-a225-9519132e1d8b,Bromley,Borough
71d407d4-2988-4de1-b7fb-24fe9c868754,Bromley,Borough
72192c6e-b9f0-4caf-9d71-da810d40d7ad,Bromley,Borough
72393421-5f6f-4b2c-99ea-458b7ee79ec8,Bromley,Borough
72a78ed0-d6e7-423f-9b63-5b432be283af,Bromley,Borough
7311c63a-e121-40b2-b24f-6b1127fcee00,Bromley,Borough
7329af7f-8569-4247-8eae-eb3c724f8023,Bromley,Borough
734c8096-e4c0-4231-9a6c-181afafaf5b7,Bromley,Borough
736e9f4d-c2b3-47fe-be18-8c7c839ebd52,Bromley,Borough
74781d86-38a0-40af-ae65-31f1e16b7af8,Bromley,Borough
74cf09ee-419f-43ed-9760-33729245d925,Bromley,Borough
7527c2e0-deb4-47a0-b0e6-f8134e008c0b,Bromley,Borough
755c4d9c-a63e-42de-90a3-1a938a0de2f9,Bromley,Borough
76e69d46-0c78-4bbd-a3fa-52a23379bbf2,Bromley,Borough
76f87780-5121-4a3d-b8e4-08a0ab79658b,Bromley,Borough
770090d4-978f-4aa3-9f0d-17213d7457b1,Bromley,Borough
7812ce18-bf0e-42e1-b44d-ec42cb497228,Bromley,Borough
782aa88a-3f3e-43ce-8110-7bca3af67cef,Bromley,Borough
78628f96-8dc3-4cc1-8681-d7308fdf9f53,Bromley,Borough
7868783e-e646-4a2c-b421-5b5a4bdc0050,Bromley,Borough
787796c2-f52e-4597-a1b3-eb22bad88577,Bromley,Borough
788732be-b0e1-435b-a807-a889cb730c09,Bromley,Borough
78a98372-b71d-46db-8f47-07d1ba0af4c2,Bromley,Borough
78b27e63-8399-45bc-9d9b-e96e2f4113ee,Bromley,Borough
791f22c2-c03e-4b8c-a1ba-69b1a0da697e,Bromley,Borough
79436a3b-dd7b-4223-8961-372af05cbf9d,Bromley,Borough
79b274c8-e9e7-4922-a2c5-ce604abad21b,Bromley,Borough
79dce4a7-8c01-4c52-bdd6-aee144004cbf,Bromley,Borough
79dddc7e-2a0c-4d97-8be5-0f2156e7f2a1,Bromley,Borough
79ef8e47-2c1b-4617-b87a-10ffab87f867,Bromley,Borough
79f27fbc-21af-4118-b9e7-da53db19c550,Bromley,Borough
7a00c109-aaba-49bf-8743-dc3da24e5134,Bromley,Borough
7a0bb281-e4ec-42ba-913e-d10b5a542ccc,Bromley,Borough
7a1a616f-1165-4219-b46c-b6e4b283a782,Bromley,Borough
7a336dd4-9aaa-4529-9357-c7bb935c85b0,Bromley,Borough
7a6c04e5-32ff-4682-9997-6ceb2f6498ce,Bromley,Borough
7a920274-fe45-450e-8197-493289ae48d2,Bromley,Borough
7aa37b0e-e7d7-4327-9a57-00ee7fe0300c,Bromley,Borough
7abec2a0-40b1-41f4-9762-5f3ac9d3b675,Bromley,Borough
7ae1c22a-d8eb-4230-a721-ab1688aa184c,Bromley,Borough
7b1345b3-b5b2-4217-a85a-37555770adc2,Bromley,Borough
7b8ed349-d0f0-4931-84b5-3c29bbfb5695,Bromley,Borough
7c094312-77ce-49cb-9188-b3f94e536bfa,Bromley,Borough
7c1d89de-3c42-4eda-b9d3-48ee553dcc19,Bromley,Borough
7c417f92-58c7-461b-8a86-7652813dde9f,Bromley,Borough
7c731214-fe12-4bd4-b8f7-4594fd7ffb97,Bromley,Borough
7cc23b53-da45-4520-8595-c23272fbfa07,Bromley,Borough
7cfb4d2b-8c7a-4d11-8d1b-2d1059ac2934,Bromley,Borough
7cfb6fa7-b36c-45d3-8d40-4dc60da7ab17,Bromley,Borough
7d54b5e1-87a5-42df-9058-9ca51624b8f7,Bromley,Borough
7d749f1c-c26f-41f5-aa59-7f339301a776,Bromley,Borough
7d7b0db6-a070-4ebc-b519-18ae21ef06ea,Bromley,Borough
7dc15213-d0ad-4ae1-a218-7c1154c8fba5,Bromley,Borough
7dc5539b-6cfc-4720-ba5c-45294497da9e,Bromley,Borough
7de0b030-8c90-46f5-9902-c81b343c71e2,Bromley,Borough
7e33bc85-ddc5-40d4-86a4-dbadc00e19c6,Bromley,Borough
7e37ce89-e0d1-4599-84d3-905cbaea25f1,Bromley,Borough
7e57fa12-0db0-4945-a15b-ecd735024c36,Bromley,Borough
7e971bfe-1c08-4642-b016-ccbadbee64c3,Bromley,Borough
7ea5bdaa-fd9b-4f96-b020-21b3f3645179,Bromley,Borough
7eaadf7e-1124-481f-8366-da76082741b5,Bromley,Borough
7ec9e1af-50f3-4941-ace7-e54445c52e0d,Bromley,Borough
7efb27c3-d361-4fa9-a647-dd5c8585c71f,Bromley,Borough
7f6186f2-b920-4f42-80be-d4a1c3bf342c,Bromley,Borough
7f80ba0e-6a0b-41eb-9487-114a9039d8ba,Bromley,Borough
7f954e2e-da7b-47e8-9f98-0adf727ce6ff,Bromley,Borough
7f9bbeb8-5f59-45ad-ace8-17dc744dddcf,Bromley,Borough
7fc08bc9-6e76-4755-bd6b-c8d738dc19b9,Bromley,Borough
7fe8d442-1737-4912-b629-b9ddadd00694,Bromley,Borough
7ffa7f6f-e264-40b6-b8c8-0d12d4883e23,Bromley,Borough
80041ba7-db54-4fee-b089-b543687d03eb,Bromley,Borough
801636d5-9b7b-40b8-975a-619cfbd0f666,Bromley,Borough
8021e905-e1a0-40b2-a75e-8e82f3887340,Bromley,Borough
8027f468-8187-476e-b418-4d4b3c5329d6,Bromley,Borough
80b54434-c730-48c5-8f2f-046d472c2acb,Bromley,Borough
80db380f-5a84-4f45-a148-e978d4344e47,Bromley,Borough
8117b040-e55a-4d66-be83-922b744b2204,Bromley,Borough
81331940-294b-48da-98cd-ec48cd31b70d,Bromley,Borough
813fcedf-efd1-437f-9c80-3bf1252cb62f,Bromley,Borough
81b84a5a-9c2b-41aa-b4e1-364ae3661912,Bromley,Borough
81e08962-3a22-487b-b219-461d29bf9abd,Bromley,Borough
827d8bbd-2480-4acf-9aec-969c95f60d0b,Bromley,Borough
82fdabc9-7cb9-4d46-8d9e-4f4f893a9af1,Bromley,Borough
82ffa694-a03f-449d-a851-31ef68ec47ec,Bromley,Borough
833d6499-7b3d-452d-b6a9-0df144bf77fb,Bromley,Borough
834df60a-5dac-408c-9556-a8100d02a381,Bromley,Borough
83f4ad91-7a0b-44f9-801c-e60b82d57e9d,Bromley,Borough
841b3a83-6b50-44db-a09f-8c8bd4e3c787,Bromley,Borough
843fe6db-f40d-4035-89dc-b0b03c837972,Bromley,Borough
846ced11-1c4f-4e8c-b368-5934a214b996,Bromley,Borough
84a08bce-f7aa-4486-a48d-02fde8fe0de0,Bromley,Borough
84b6d102-5f03-47e3-9796-8252f80629c1,Bromley,Borough
84cbc0e0-d3fd-429d-9d7b-c9fe5ee50301,Bromley,Borough
84da7ebf-3cc1-406f-a40f-6b3eb574a85e,Bromley,Borough
84fe65bd-0aeb-4d5a-8edf-d96559a29296,Bromley,Borough
852bdf6e-8977-419d-8ae2-c8e1879c9c3f,Bromley,Borough
856e16b2-edab-49d9-8eda-5070090d0dfe,Bromley,Borough
8580c2cd-3ed7-4fb0-93e6-12ade5e500d2,Bromley,Borough
861b2fd8-05f0-46aa-8014-dab424aa17c3,Bromley,Borough
86490e6e-28f6-461d-a465-771161148042,Bromley,Borough
86675eb3-a6e9-427b-bd04-59fca2eb872d,Bromley,Borough
86750e99-7f75-461e-8fac-b8861a099a78,Bromley,Borough
867f775b-48b6-4b3c-a40a-56b0fc186544,Bromley,Borough
86c84267-1efc-4684-acda-62061c593d10,Bromley,Borough
86e9790c-7197-4aed-aca4-57b1679c0e04,Bromley,Borough
86f819fd-6076-45d1-9559-72d59db5ee03,Bromley,Borough
87098c38-7f80-4dad-8767-af44e3ad2eff,Bromley,Borough
879cfb2d-ecf9-456c-98c3-0b3119e74098,Bromley,Borough
87b0c1a9-9fec-425e-9b5c-67762656e9ee,Bromley,Borough
87bc540d-e5c5-4a3d-8734-81d88af4729b,Bromley,Borough
87d8afd3-77c3-4b98-801c-a5d3c9385e2f,Bromley,Borough
881925cf-b977-46a7-9f5b-70c0a6ff75a6,Bromley,Borough
88aaeadb-00b2-45ef-adcd-d51852b51808,Bromley,Borough
88ac1ebb-a9a5-4116-b3c9-1008bbc6764a,Bromley,Borough
88f31c1e-c5f9-470c-a0a1-86844becd31a,Bromley,Borough
891d94b7-7776-43ee-a190-38ba22994f4b,Bromley,Borough
89217534-e7e1-427d-92ef-0b649d27e67b,Bromley,Borough
8995f6f8-13b6-4fc3-9fb5-e2cbcbc2f341,Bromley,Borough
89d0bee6-29f5-430f-9852-ee6497d9568c,Bromley,Borough
8a380896-d044-4650-901d-afcea5634b03,Bromley,Borough
8a450b93-8002-46d8-93ef-0639b08f6db5,Bromley,Borough
8a4a4340-c74d-472f-84f8-4044372f16bb,Bromley,Borough
8a8fb18a-7a40-4876-8b63-3c98ff44812b,Bromley,Borough
8acc512c-6ceb-4629-94dd-571f78682417,Bromley,Borough
8b394eb2-ad59-4fae-86d5-0112c696c28a,Bromley,Borough
8bdfe994-348d-4451-b074-86093f027a5a,Bromley,Borough
8c107f54-7476-4da2-9ec8-5d412baacd78,Bromley,Borough
8c742031-861e-4c5a-8a8a-bb3c94f2a989,Bromley,Borough
8c8033b7-baa5-4f8e-a092-cdd344a16034,Bromley,Borough
8ca931f7-2c47-4b2f-bb15-a64739f76809,Bromley,Borough
8cd77683-199e-44d6-8868-3afe08ccb18b,Bromley,Borough
8d1678b0-b946-4133-88f1-dfb202db0848,Bromley,Borough
8da03479-0b4a-44cd-9b9f-296df53c2e45,Bromley,Borough
8dbd5d2e-5051-4fa6-9e72-254d682d8017,Bromley,Borough
8dcbc775-5c05-412e-99c1-97ebb9fd51aa,Bromley,Borough
8dde31d2-6d64-496e-8c78-d8466dd89299,Bromley,Borough
8dfb4d0e-ba0c-4a91-a1ef-f6806c9a53ae,Bromley,Borough
8e1451b0-678b-48a9-b047-653f53c33c6c,Bromley,Borough
8e1f4cf9-7729-4078-8f49-3973e363e93d,Bromley,Borough
8e8b4a9c-d84f-4ed4-b5a1-dc7add690c53,Bromley,Borough
8f1f7be9-bd44-4be3-84da-285a99546fb0,Bromley,Borough
8f2bf714-c433-4d9b-aa50-f36d98770fc9,Bromley,Borough
8f2d7b58-127f-47d7-a93d-599657db8ce5,Bromley,Borough
8f648f0d-6520-4b86-97d5-2ed0dc538338,Bromley,Borough
8f9496cc-b23a-4b73-8ad2-4b658b1d4d2d,Bromley,Borough
8f980b46-8ef4-4c6d-bce6-ec58dc45d0a0,Bromley,Borough
8fc624a3-d68a-4036-8244-19c85913f868,Bromley,Borough
900bbf27-27ce-4ffa-8720-48dfcb771555,Bromley,Borough
9037d329-4660-4e1a-a187-10f6c51b23d7,Bromley,Borough
9053d1de-da13-4791-a23b-e6f85637d988,Bromley,Borough
90565e4c-baaf-41e8-b355-b3fac0eee365,Bromley,Borough
90ea38e2-6fc6-48be-911b-373393108e57,Bromley,Borough
912b7e3e-384f-4a56-b5d0-c112794a3383,Bromley,Borough
91ceda9e-36c7-4616-9cef-fe4ce6e8fffb,Bromley,Borough
91d7cec1-8a8a-49ae-a484-7a158c7bb053,Bromley,Borough
921a6a5d-25e8-4f9c-94e8-3039f1c3c75f,Bromley,Borough
9252709e-0712-4fe5-936c-cb8a0f0e74b6,Bromley,Borough
9270bf33-d272-4e6d-9bfb-dd0699b56b8f,Bromley,Borough
92a41051-6974-4dfe-86be-088d44054e1b,Bromley,Borough
92c3d546-a20e-4e48-b65a-0d3e70db4c5e,Bromley,Borough
92cf954f-f964-49d2-a649-48dee105046b,Bromley,Borough
9315cd3d-1b1f-4ca6-9f6d-5c9fe2e92300,Bromley,Borough
93328fb1-02f2-4035-81d9-6aae7c0590c5,Bromley,Borough
942c4de8-ff88-423a-8e50-0c77100dac4b,Bromley,Borough
9458450f-24b7-479e-8cb3-b13af758efdd,Bromley,Borough
9485d89c-87e1-409b-b161-ce64529c0aca,Bromley,Borough
94b6b85f-e858-43ec-bc8e-6c399936a9d9,Bromley,Borough
94bb82d8-7e3d-4df4-81e4-6031d1aa3d04,Bromley,Borough
94c6316e-93a0-422b-989f-a761449ca8ac,Bromley,Borough
9529312a-ac8f-465e-80b6-e70abc68fcfe,Bromley,Borough
952c9cdd-2447-41c8-ac4c-2d3bdb955bc6,Bromley,Borough
95d2cea6-cfe9-4e12-9e7b-a19164f5e481,Bromley,Borough
95f0555a-1f88-44b2-afef-8c3eea90607f,Bromley,Borough
96139579-879f-4333-98d1-42367f76d5fc,Bromley,Borough
9666f9c6-26b4-42b8-a878-91dd344f9d56,Bromley,Borough
96abe6da-64e1-43ef-82f2-3467717f2862,Bromley,Borough
9714a126-a442-467f-a084-79daa5a00806,Bromley,Borough
97575ac5-b07d-454e-965d-35e39483ac38,Bromley,Borough
976dbebe-5c6e-4da3-93a9-d9cb22d07aef,Bromley,Borough
97cd9a23-eecd-428d-82bd-698c87fca448,Bromley,Borough
97d107b7-d2b2-457c-9111-3def08ba9e02,Bromley,Borough
980ff97d-4bc2-4f5a-923d-1f620d1d5a42,Bromley,Borough
984befdb-1929-450d-b631-9135cbbe89ae,Bromley,Borough
986a95c0-ea38-4418-bf90-db504f1e4ee8,Bromley,Borough
987ec240-be0f-4a11-a3bc-e4ad3514600e,Bromley,Borough
98a4fbec-5efd-466d-8cb5-011e4d2a155f,Bromley,Borough
992b21d7-fe46-4234-b7d8-64510588c212,Bromley,Borough
998c68cf-63d5-48e2-bc9e-c130b4fd53d3,Bromley,Borough
9a6b82d1-862c-454e-94b5-6ab23dfafed6,Bromley,Borough
9b70bd91-7e0b-4656-9fb2-f58b3474729b,Bromley,Borough
9b7bbbd9-7043-4dff-b413-524c24ebc344,Bromley,Borough
9c048205-ede8-4993-9a76-c54f4064f9b3,Bromley,Borough
9c19f5c0-65f1-4fa7-bff0-86278ec74d1a,Bromley,Borough
9c529206-adb0-4a7d-a55d-ea9d4de1f867,Bromley,Borough
9c886b9d-e12f-405e-a7a0-95a221bca9f1,Bromley,Borough
9ccdb02b-25be-4082-a2c6-c6073c626e64,Bromley,Borough
9d17784e-70e5-48e5-b1e0-3508a798c471,Bromley,Borough
9d5ff8bd-4827-4776-b1e3-8c12170ac759,Bromley,Borough
9d60ac65-ec90-4942-bd4e-eea304964e78,Bromley,Borough
9d7e5185-f973-423e-84ca-41b489b87e1d,Bromley,Borough
9dc46e4d-ba9a-4dff-982f-2af38b0ffe25,Bromley,Borough
9de13cc4-e1a0-45c7-8954-63a6af128af1,Bromley,Borough
9de684e9-af4f-4ed7-9eae-fb820b057cfe,Bromley,Borough
9e2a1534-1b71-487f-a1a4-cd4d7df4841b,Bromley,Borough
9e2bc890-0a9c-4132-abbe-855793b85429,Bromley,Borough
9e41c1cb-f96b-455b-aaf9-ee52fb0bebfc,Bromley,Borough
9eb8ee29-3035-483e-ba43-9bbfd8c0e22f,Bromley,Borough
9ee4a4fd-99ac-4c77-8e7e-6dd6160cb34c,Bromley,Borough
9f330db0-051e-4d2d-8b26-5450d950f60b,Bromley,Borough
9f6a8697-1612-402e-b087-93cfd9150875,Bromley,Borough
a00877e4-8022-4a5f-90c8-1ee4aa7f1842,Bromley,Borough
a0b03eab-eed7-43ef-9b72-8956a0de9d70,Bromley,Borough
a0c942a2-9d4c-421a-b5a3-0f6b2c3fcf3b,Bromley,Borough
a0ceaeec-7a1c-44a1-befa-d4f75aaeb5b8,Bromley,Borough
a0ea563f-a1ed-4211-8d71-641677e93b47,Bromley,Borough
a10fda39-0728-4386-a049-de298adc50a7,Bromley,Borough
a12c1d9a-47e5-4c8c-a334-74fb33f51794,Bromley,Borough
a130c879-b627-4c3f-82cb-c4c3ffc6b2c3,Bromley,Borough
a13ca58f-9040-4ae8-aa76-9404e154ac4b,Bromley,Borough
a14eda19-a17e-4f72-b0e4-85f78ffa2858,Bromley,Borough
a1bb0572-77f2-4704-a704-86b942babb57,Bromley,Borough
a1dcd3aa-a8ae-43e4-9e2b-70428a15d205,Bromley,Borough
a203bee4-589e-4529-9646-6ba1666403c2,Bromley,Borough
a209b02f-a3f1-4b72-a88e-92f4c5fcc686,Bromley,Borough
a210f65a-11f8-452d-bcf2-18964535e6bf,Bromley,Borough
a2b6ca80-3bdc-4ae8-93da-a468ffe08f61,Bromley,Borough
a3678174-1669-4ba2-853f-e6a3b557063e,Bromley,Borough
a3a75c15-2bb1-499e-a94a-99800342252f,Bromley,Borough
a3aaab14-3621-4f2a-b70b-6819567d8160,Bromley,Borough
a4074c1d-ccb6-4025-a80d-9c7c568f5a6a,Bromley,Borough
a43f9f98-c91e-42fe-8f11-7790922588b4,Bromley,Borough
a451a4d7-0111-4f5c-bf95-714e00dc5b29,Bromley,Borough
a467a4e7-5e1e-4c3b-8d02-6c75938804ac,Bromley,Borough
a499fd92-cea9-49e3-b9fc-b968cf2a921b,Bromley,Borough
a4c26762-3915-4dcf-805f-932f78a66e02,Bromley,Borough
a5220292-11e4-41c0-b81b-e823f198b386,Bromley,Borough
a5701a9c-f845-4825-bb92-ec62a2901c3c,Bromley,Borough
a5b262cf-1400-4be9-9f23-49c48974be13,Bromley,Borough
a5e9eab5-4565-4ce5-8f7d-db06b925b174,Bromley,Borough
a6ae87b0-0859-4d67-a47b-20fb6fb054b5,Bromley,Borough
a6bbe525-ec1d-41bf-8e32-4b83d925f28a,Bromley,Borough
a6c57e40-131f-4ca1-a628-ef178d23bb34,Bromley,Borough
a6f3449d-ef50-44c3-9c75-534f8847c586,Bromley,Borough
a70ca559-b242-47b1-b6a6-a1e2572b1a46,Bromley,Borough
a714d7f1-3728-40b4-a90c-829eeb84e7e0,Bromley,Borough
a71b629a-c9e7-4760-a78b-b17fd0873cec,Bromley,Borough
a730ebb0-ec6f-4ad8-b20f-7dd1042bbd8c,Bromley,Borough
a73c89e1-0941-4c82-9cb8-fe3021cd5bc3,Bromley,Borough
a7901e25-15a4-4640-921c-cc34e72e8265,Bromley,Borough
a7bca862-0334-4686-93ff-70bdb5be9395,Bromley,Borough
a80fb191-d8ad-4dec-bf27-7851c48723b0,Bromley,Borough
a87b012c-2229-446e-80ed-73f63e106f12,Bromley,Borough
a8a6e79e-f1b3-4759-844b-bdeac85c9082,Bromley,Borough
a8c73cb7-66da-4aac-a148-e59de96be7c3,Bromley,Borough
a8eb16ba-3f32-4943-aab7-77b408a47b23,Bromley,Borough
a8edc021-5fb2-42dd-b0cc-1b6ab7a79df9,Bromley,Borough
a932c452-ed3f-4385-a49f-f5f747bf1598,Bromley,Borough
a9387a75-9576-4953-92bc-3cc398d56288,Bromley,Borough
a9987bca-f149-4ea7-98fd-214da70e575a,Bromley,Borough
a9acda19-344f-4a10-9699-9c6efb30699b,Bromley,Borough
aa15ad99-1e9a-4d1d-ad63-abfe76ceab60,Bromley,Borough
aa15c34d-7eb0-452e-a1ca-edab4887a5b8,Bromley,Borough
aa2ca407-cb97-4149-8083-e838a057c644,Bromley,Borough
aa6b3da9-644b-4135-9b17-3f309d137edd,Bromley,Borough
aa8f501c-e8fb-4936-a74e-152d5df62451,Bromley,Borough
aaac88c7-3407-4e3f-8801-f06e97e3a575,Bromley,Borough
aae6eff7-375a-4cc1-8f00-7d446c7b34fa,Bromley,Borough
aafc7938-13f6-4662-97f3-0dab7a450779,Bromley,Borough
ab376a73-5bab-4b1b-ac15-b893a00c7d7b,Bromley,Borough
ab37e2ce-456d-4e96-a677-6c266c29b375,Bromley,Borough
ab52a7e4-3d77-4892-be9f-ac5776c83c6e,Bromley,Borough
ab8008eb-fe33-4812-8091-f37e5f693376,Bromley,Borough
aba3df97-4124-4ff2-ad05-21c5895ce4a1,Bromley,Borough
abf95522-344c-4ce5-b5b6-0c392de8e968,Bromley,Borough
abf967d2-be72-4dd0-877a-279a950126c7,Bromley,Borough
ac34ac67-8b8f-49d7-b1ad-3fd1e446fd86,Bromley,Borough
ac39482a-ee0b-4e8d-9926-45eabc467bba,Bromley,Borough
acb310d6-1c59-4cc7-bbf0-e558fe2d4c13,Bromley,Borough
acdd1914-dfe0-4b40-9c1a-95d2319979b7,Bromley,Borough
acf31d93-c800-490f-8d01-50ef01905495,Bromley,Borough
ad001bd2-061c-4cbb-aef7-8c63e73fa38d,Bromley,Borough
ad05c313-6f70-43ea-afc2-dcaa7c06f043,Bromley,Borough
ad24341c-2ed5-4168-8375-4dad227f84ce,Bromley,Borough
ad2a2200-74d3-4bb7-8060-81d90e7985c1,Bromley,Borough
ad9e2d0a-3afa-4227-a0a5-b2576331a874,Bromley,Borough
ada8668b-dde7-49f8-b5e6-0583b6be55ee,Bromley,Borough
adf8be5c-557b-4cc6-bebc-b2dd56e3640c,Bromley,Borough
ae02bbf9-0ce8-4ba3-b87e-5f4d44504149,Bromley,Borough
ae1102c9-dff2-479a-9d4d-aae323088c27,Bromley,Borough
ae2861e7-ed8f-4331-b926-55ea0e90fa1b,Bromley,Borough
aeb8574f-440f-47d9-975e-17fef4f696e1,Bromley,Borough
aedca989-4ab6-45d6-bdee-72fc96239bfe,Bromley,Borough
af68fca1-1e16-44b5-992d-5daca92397bc,Bromley,Borough
afa53dd0-2b12-471f-95d9-753b055a0620,Bromley,Borough
afbf5fee-b231-488a-a1c4-2b35f5638c86,Bromley,Borough
b0098847-d519-4115-9f85-be00b995c6b9,Bromley,Borough
b03d75b8-f0ef-4a07-b4e3-6e2069b1eb0a,Bromley,Borough
b08ab16c-05bc-4bb3-a994-6e1890ca1e45,Bromley,Borough
b0d66d16-9f60-4517-8676-33db7f7dc3c5,Bromley,Borough
b12b9cfd-bba2-4031-971a-27a021702168,Bromley,Borough
b17a8e49-7184-44f6-9aec-812d7857fa40,Bromley,Borough
b1f243d3-bb04-4ff9-b3aa-62253524c372,Bromley,Borough
b24f429a-25cb-47ce-ae9d-33421415830f,Bromley,Borough
b285cb64-6874-4f23-8a30-c36ec030a9cc,Bromley,Borough
b2a3a040-d60b-48a4-a7be-97b0000e5555,Bromley,Borough
b2e3f212-a7ab-47ca-810d-14a63ff5a009,Bromley,Borough
b2e47e99-8245-420b-8980-7c50e3ed050f,Bromley,Borough
b2ecd57e-27c0-4f26-b123-b998ea19a08a,Bromley,Borough
b2f3b7e2-d6d6-467b-bef2-a771e74adf35,Bromley,Borough
b392882c-e4bd-4c8d-88ee-62ec28ce413c,Bromley,Borough
b3c0825f-8723-4c14-8116-eab1e9ea1165,Bromley,Borough
b3c55f33-7d81-4822-9d06-a083fb553ab3,Bromley,Borough
b3d5064c-88d3-4f0f-bca7-893e4ed83f60,Bromley,Borough
b405ddf9-e669-4e6a-8727-5df93835afe8,Bromley,Borough
b410f9de-c4a4-43f6-bf3c-4c10670c2605,Bromley,Borough
b4810233-73c4-4a7b-a95f-2004bf141f91,Bromley,Borough
b53a066f-08a5-4b07-b08a-27412b33ac5d,Bromley,Borough
b5b82f0f-aa55-4b4f-8fcb-f2785613863a,Bromley,Borough
b5c4dd3c-fef7-4b0b-9e7e-88f0b3a7b0f2,Bromley,Borough
b5c77a9d-03f9-44f5-89dc-bba5fa28d4cb,Bromley,Borough
b5c9fcc3-67d4-413d-92e5-7d432e1e7abd,Bromley,Borough
b5d6743f-d898-4137-8721-c689bfc550d4,Bromley,Borough
b6139054-9f15-4687-9654-17735cd6dfcd,Bromley,Borough
b61c72bf-6511-4c5b-8dfd-d93f1331bdc2,Bromley,Borough
b67bb4be-7cde-45e8-a686-997c824dd8db,Bromley,Borough
b70981fa-775e-4846-941d-faa7b73b9ed4,Bromley,Borough
b72f7c77-31c7-4a94-bb8a-698b3a304bf9,Bromley,Borough
b75887ba-0e8e-45d0-b87d-9be8e98333fd,Bromley,Borough
b7be353e-570d-48fd-bbf1-fa874aab4d9e,Bromley,Borough
b811b480-e13e-44f9-ae18-b6c4cfabbb2b,Bromley,Borough
b8129533-55ea-4a67-8f69-a3b3f2cad981,Bromley,Borough
b82fc86b-3093-4e6f-928f-61308f3d393e,Bromley,Borough
b8920357-7347-49f2-979a-cf0afe3def95,Bromley,Borough
b926aa83-2639-4703-ad28-739150ea8514,Bromley,Borough
b92dc5df-6d14-4370-af7d-ae45bcfe8fad,Bromley,Borough
b962c8ac-1e94-4611-83c8-2c6093c850f6,Bromley,Borough
b9979cad-944c-4c92-b8b9-766171360bdd,Bromley,Borough
b9c25a84-7a59-450e-aaa1-1715997bc6e5,Bromley,Borough
b9eea56f-eb27-4c43-8adf-57475c6c56bd,Bromley,Borough
ba6e7138-6be0-4b62-915f-932b6dac5621,Bromley,Borough
ba838ecb-0a19-4f2a-a350-d5370bf27c89,Bromley,Borough
bb0ee3fa-e97d-48cf-91af-79b7a429d2dc,Bromley,Borough
bb2eb54f-683d-44e9-aa62-49630c5a762f,Bromley,Borough
bb7c628f-b4c9-4414-8086-6e3bd9c9f8c3,Bromley,Borough
bb7f4ac8-fcce-4369-98f4-a511344cd23f,Bromley,Borough
bc29cb50-bfab-44dd-aded-9b8030046968,Bromley,Borough
bc49fb52-b3aa-4521-8edd-0f4d75e5067f,Bromley,Borough
bc833119-e496-4dae-80ee-ec3d48d06690,Bromley,Borough
bc8c1611-ede9-430e-b999-5014aaa81db6,Bromley,Borough
bca7d816-eca9-4aa3-81aa-a36bfc35ea66,Bromley,Borough
bcb05f0e-1c12-41e1-b2aa-7acf22e590e6,Bromley,Borough
bcca4772-37f6-4b26-a1f7-419e9c63c794,Bromley,Borough
bd0505b3-acf2-4045-9772-d001db57e00d,Bromley,Borough
bd17a010-9dc0-4322-95e3-cd81b826fd39,Bromley,Borough
bd2ac2d9-0ed4-45a4-9017-ae7e3a78a526,Bromley,Borough
bd4f1fde-e725-409a-81ea-e8a935d32d09,Bromley,Borough
bd619dd4-26c8-49a9-a7e2-c1ae050199b3,Bromley,Borough
bd6a2bfb-cd7e-4f0a-b2d6-dc57c670cdb5,Bromley,Borough
bdded724-b97a-4887-9d7e-41e1ed973e51,Bromley,Borough
be10e5f7-ca82-4b4b-ac52-91bbde802912,Bromley,Borough
be3a78ea-296c-44f2-9854-f126aae988dc,Bromley,Borough
be508d7a-3309-4a0d-8419-ccbdbf594f54,Bromley,Borough
be5728f6-c05c-41d2-b768-92f3a0f90cc8,Bromley,Borough
be588d8e-12fd-4cab-b6bb-a0a19fa99378,Bromley,Borough
be75ed93-30e7-4b42-8b2e-d09169842728,Bromley,Borough
beb98294-ec4a-4df5-a48c-8c513d854bea,Bromley,Borough
bebc28ad-6ebc-4b44-b28a-11e3d978d675,Bromley,Borough
becbf5fd-db17-4f2d-80be-1f8ea5463423,Bromley,Borough
bed1eb41-5631-443f-9759-3e639d46d37a,Bromley,Borough
bf0b507d-ff07-4564-ba4f-77328db6d098,Bromley,Borough
bf154c29-92bf-4901-a77d-efb1e1033208,Bromley,Borough
bf2e6199-70af-4bdc-a6bd-452611dd84d1,Bromley,Borough
bf6421db-ca2d-413e-83e2-78097eedbb28,Bromley,Borough
bfdf48dc-ef45-44ca-bdab-786d23a3c9f9,Bromley,Borough
bff41ea9-a445-452d-9cbf-89f7e959e4c3,Bromley,Borough
c01dfdc0-4fe9-4499-851d-3b5bf6b70e1e,Bromley,Borough
c025aa1c-9324-4632-9fc7-7bad04130d02,Bromley,Borough
c0455d9f-6b94-46dd-9f24-bcf4615ffe5b,Bromley,Borough
c05d1f15-ee05-4029-9c47-868a63135a00,Bromley,Borough
c0dc77fe-c427-4265-946e-5c3d6cc7506b,Bromley,Borough
c14f3b78-ea89-4f14-8808-9ba10815d7dc,Bromley,Borough
c15e53bc-259e-4efd-8f06-dd7bbe46bfc1,Bromley,Borough
c1b2f1d6-afce-466e-80f1-e30a2cca290d,Bromley,Borough
c21c438a-a7aa-4143-9f35-72aa806beb44,Bromley,Borough
c2503e1f-475d-4313-ba95-5ede68ff8366,Bromley,Borough
c26c02c7-8f52-40ac-99be-de0a26f3b9ec,Bromley,Borough
c2734179-4b5c-4b6a-93b6-f3e0eda7e213,Bromley,Borough
c28da5f9-a2c1-4e40-8442-b5811516acd5,Bromley,Borough
c2e212c4-31b1-4d14-8ea8-30fe11caad3d,Bromley,Borough
c2e21564-286a-4cb7-889b-afdc99455ece,Bromley,Borough
c32c3479-eb15-4fd7-a045-5de2c82c5b3a,Bromley,Borough
c3f2c600-c491-49ad-88f7-ab6c4777e522,Bromley,Borough
c40c31fd-8126-4b5a-8ba0-9b1773879d10,Bromley,Borough
c4153290-c571-453e-8e74-b902984114d6,Bromley,Borough
c421b3af-4e18-45c7-ae5c-4610829cf38e,Bromley,Borough
c458128c-bc9e-4e61-bb02-4fa2bfedb924,Bromley,Borough
c47cbe87-86e1-4306-a711-f9616c92a06d,Bromley,Borough
c499e24c-a5f7-46ed-a7f9-a15a684a6c45,Bromley,Borough
c4cbba73-5798-46b0-b67d-7db90386d92b,Bromley,Borough
c4d5210c-501a-42a9-9b01-26678d81aca8,Bromley,Borough
c5884ed4-339f-4394-b35e-f83fa8ad6263,Bromley,Borough
c59b205d-f0dd-40d5-88cc-9a97649a92cd,Bromley,Borough
c5d505b7-8789-4be6-b061-a9a0e09be62a,Bromley,Borough
c5dc15e1-84ee-4f07-b2a4-6f17f520ce0f,Bromley,Borough
c61e7c4d-d3a6-40e9-b8f0-a834fd79ecdf,Bromley,Borough
c6868493-fbd5-4b07-80eb-a4982a939e90,Bromley,Borough
c697fdab-873e-4795-b67a-5c1766de7829,Bromley,Borough
c6a139da-8d5f-4e53-98a1-2dae47064243,Bromley,Borough
c6e1d80d-b0d2-4f0e-80a4-dcdc8d7308f8,Bromley,Borough
c6f6c072-11a2-4090-a3f4-54db7e9bb0ef,Bromley,Borough
c6fa69cf-91bd-4d8f-a9b7-6863a5d32516,Bromley,Borough
c717bec0-24f0-42a7-a6d1-b5f59c61b28c,Bromley,Borough
c718f08c-5afc-4a35-bf68-b8c3cf55e550,Bromley,Borough
c7664d5e-7a46-4289-8725-aa44f315c74d,Bromley,Borough
c77cc62a-3f40-407e-89e3-d4c6f0d22e04,Bromley,Borough
c78029ef-8344-4986-a3da-88ac4eb19419,Bromley,Borough
c78037ce-1103-4889-b655-cb6f4d08e549,Bromley,Borough
c7bd847f-efe9-4439-b622-18261d4eebfc,Bromley,Borough
c7c85b3b-065a-423e-b7dd-d6a436149f98,Bromley,Borough
c7dfffca-52b8-49c9-9282-cee4a35b6bea,Bromley,Borough
c838881f-326b-4dcf-a9ba-d2f70b141448,Bromley,Borough
c86754ac-1a1f-47ce-a28d-06074350437b,Bromley,Borough
c8d6423a-e954-4285-a0ee-978e94a79bc8,Bromley,Borough
c93d6675-5724-4d1b-ac2b-0f9a2d02ffb3,Bromley,Borough
c950222d-3a28-4ebf-8883-f7430b6559bc,Bromley,Borough
c95b2c09-10fb-4808-85b9-b20e26617a8b,Bromley,Borough
c95e9f09-b1d2-4c31-9084-056869de86e8,Bromley,Borough
c961b13e-6c52-4b5f-bb42-c96becd33c20,Bromley,Borough
c964aad7-216b-41c0-bedc-83bc57db7674,Bromley,Borough
c9668612-7d14-4de8-bed1-af0866632949,Bromley,Borough
c978c81a-c627-4f41-9119-55012c992504,Bromley,Borough
c9db7413-fb08-49f1-bb5e-5f3d4aee0260,Bromley,Borough
ca0693ab-e182-4237-9267-2bd0c1db87c7,Bromley,Borough
ca34d254-76f8-4b99-ade4-c385fa46113d,Bromley,Borough
caa71b9b-e868-4f4c-b275-7df6105696a4,Bromley,Borough
cac89a97-273d-4e25-84c5-5d23425361d8,Bromley,Borough
cb296b13-6ad5-47fb-a05a-3e439a25d553,Bromley,Borough
cbbcd58f-8480-4ec1-9b3c-2a071e6997db,Bromley,Borough
cbe33017-7c39-4f87-92cf-cf166fb514de,Bromley,Borough
cc543c9b-d91c-4306-83be-404527d65b0d,Bromley,Borough
cc651e50-f4db-4ba6-b19e-c5a066ed3ded,Bromley,Borough
cc792894-d3e6-436d-8735-48783966843b,Bromley,Borough
cc833a62-b65c-44a8-8bd7-6d811b497d7d,Bromley,Borough
cca57b77-bfe1-4868-ab23-25fb3babc086,Bromley,Borough
ccae27bf-385c-4fb1-9ec4-b90ed7adf836,Bromley,Borough
cd7e3bbf-5d89-42a7-8aa8-1fb370ee19b4,Bromley,Borough
cda2e6b3-d6fb-482d-a24c-0453917fa663,Bromley,Borough
cdaf5ff2-8068-4950-98d8-b15d98a070ea,Bromley,Borough
ce3121fe-bbab-4128-92a4-32692b817844,Bromley,Borough
ce3970ef-234e-4982-9bd2-156a19e658ea,Bromley,Borough
ce422d81-95b4-435b-b064-4e4f05d96316,Bromley,Borough
ce58ebc6-6a52-4ed2-98bf-b2cb6383588a,Bromley,Borough
ce89eeef-deff-4fd1-9b80-c95596da1870,Bromley,Borough
cec652dd-ddef-4796-a59e-9fe7698effee,Bromley,Borough
ceddf45d-2cb7-4f7f-a44f-47eb14ee447e,Bromley,Borough
cf49ed3f-d381-4bb8-8210-26bc2b47a12a,Bromley,Borough
cfc030da-e435-4ef0-b945-2b19ee963849,Bromley,Borough
d008d9df-4707-41b4-b833-a8e200d89826,Bromley,Borough
d0426ee2-b955-4c31-ae62-d046df1d899d,Bromley,Borough
d056ce29-48bd-4f7b-b410-de3a6a95585e,Bromley,Borough
d05991f7-a6e4-4d12-80d0-8949d0247d9c,Bromley,Borough
d05d9a14-e25f-4652-ae65-29fda8b318cc,Bromley,Borough
d076f337-0c1f-4aca-8e68-bd3a8eecc64e,Bromley,Borough
d0c65b25-b9dd-4eda-a422-0e633db7dfea,Bromley,Borough
d0d83a65-8b7e-4405-84b3-ae70e3354d98,Bromley,Borough
d0ef62fe-85af-4afb-84c0-f1eb60896889,Bromley,Borough
d0efd9f5-e24d-48b2-b751-e8bec74c46d7,Bromley,Borough
d109c01f-6a3f-4b43-8096-1cbe02bfad16,Bromley,Borough
d16ad731-3b9e-4547-ae31-91017c4d10fc,Bromley,Borough
d1976424-9341-4f6e-ac94-8c8615938b05,Bromley,Borough
d1bb71a0-20f6-4dba-a3bd-383b4f2033f0,Bromley,Borough
d27e561d-8ebd-4190-a18c-83f2903ea73d,Bromley,Borough
d29dd6e6-e417-4077-9c0b-12d71f0ef341,Bromley,Borough
d2db6901-d58f-4191-91b5-b26f8ee0b03e,Bromley,Borough
d2f38365-e250-48c4-b2d6-81bf4ce7f1ce,Bromley,Borough
d30cc6aa-b453-40bf-a71d-9b244e48324b,Bromley,Borough
d332233b-5fce-4f1a-aeec-554562d8b68f,Bromley,Borough
d358605d-702d-4043-91e2-16750adcfc47,Bromley,Borough
d3773efc-40a5-49df-8c92-77154c7d6470,Bromley,Borough
d380180e-c872-498d-a0eb-41526e5cf43c,Bromley,Borough
d402c320-c394-41f2-abb0-f2fd87f6e304,Bromley,Borough
d42f9ee7-94fb-42a5-a011-e64a6780ee1e,Bromley,Borough
d459f4eb-054d-4896-a89c-85043217f8d0,Bromley,Borough
d46573f2-fa73-4f80-9e3c-c79a68c3ba09,Bromley,Borough
d46e3889-1f75-4a59-a42f-e66619785232,Bromley,Borough
d49087f5-2a0c-465e-8848-d4ed83915426,Bromley,Borough
d53bfffe-ab57-469a-a1ee-f3e7e60e02fe,Bromley,Borough
d55f7d6c-ccf9-4797-894a-7d6c0a2577c3,Bromley,Borough
d583d7c9-0235-46e5-a800-0029d6195adc,Bromley,Borough
d5b63154-b32e-4df2-b22c-14b25905b6b7,Bromley,Borough
d5f3373a-0981-4d6b-aa40-8cff47b164e6,Bromley,Borough
d6120797-276f-4c61-9760-3f0e024a55c5,Bromley,Borough
d6170546-97c7-475d-90b2-6e83e479e519,Bromley,Borough
d666e20f-8b84-40c0-97fc-f67102857e0b,Bromley,Borough
d674c1bf-72de-4731-9274-c5abe5d9edd4,Bromley,Borough
d6b2de42-2acf-4e93-84fb-c6af9d1eaaf0,Bromley,Borough
d6f5a58f-972b-4bf1-ab50-961e1a8d3d26,Bromley,Borough
d705362d-8c02-4cf9-9e44-14c8f360fda7,Bromley,Borough
d7169948-090a-4b5e-9d5b-99fe3ffc50ed,Bromley,Borough
d771226b-e1b5-4150-a441-75a7d6cca683,Bromley,Borough
d7e01734-f09f-4811-89b3-7fe6563db57a,Bromley,Borough
d8000885-5575-4837-bb97-2de8b9fe8a6c,Bromley,Borough
d8416260-c29b-4fbf-a0b3-8bdd2dceb1db,Bromley,Borough
d84f7fb6-4faf-4e0f-8337-c58f33959373,Bromley,Borough
d8615c19-fef1-48e6-a887-32ff3946a7dc,Bromley,Borough
d89bcd4d-b7fa-4d5d-9991-0d44e0b29ae4,Bromley,Borough
d8a332c3-6236-4253-8440-91cf81b45f20,Bromley,Borough
d8abf32f-dd8e-415e-a08c-45cbf68315da,Bromley,Borough
d8bb605f-0087-4681-a7a4-a87a71389bde,Bromley,Borough
d8e58133-7b70-4a7f-a46b-d0bd3948e535,Bromley,Borough
d93f82f6-a51b-4dcd-b8c8-5aa34588f143,Bromley,Borough
d94cdd57-30d1-4886-a631-87c08fe90032,Bromley,Borough
d9654497-b204-4ad1-afbb-9b3646bd92a0,Bromley,Borough
d9c8a3ef-15dd-42e4-beb4-e201fbc27308,Bromley,Borough
d9e7fd34-bced-4d3e-8e70-5182b7a49c00,Bromley,Borough
d9efd13a-05da-4677-bfe4-231122331807,Bromley,Borough
da3a35b5-82dc-4399-a7e7-e4bf2281f921,Bromley,Borough
daa0290b-f097-4603-adb9-13dc04776b7c,Bromley,Borough
daf12d5d-c7ed-4c92-9ad8-6f4a782ccede,Bromley,Borough
dbb44b92-d821-4515-a3d5-e0f7a78c4fd5,Bromley,Borough
dbfaf510-3ca1-4d4b-b3f3-9321cea6a2c4,Bromley,Borough
dc19070c-a344-4753-a543-a15285a5e3a6,Bromley,Borough
dc3a41bc-d03e-4c4d-b225-9b6530988dfc,Bromley,Borough
dc80bcf4-37b2-454b-8804-4dc9a5506089,Bromley,Borough
dcd6fb2d-3668-49ca-a0b8-1cfc977a286b,Bromley,Borough
dd210d46-f023-4e25-aadd-f8d032941c76,Bromley,Borough
dd284004-3886-4e3d-b6f9-5805f919248d,Bromley,Borough
dd4a96de-bc25-4cd7-87dc-6ee9f71591e6,Bromley,Borough
dd58abf5-a79d-4b25-bdbc-3009fc54fea3,Bromley,Borough
dd7dda47-cfbf-4f99-a2fc-a65674928b8b,Bromley,Borough
dd9646b5-7625-4900-bda9-72ecf8d75018,Bromley,Borough
ddcd70ef-50bb-4086-9e9c-ec8b430d11c3,Bromley,Borough
ddda3e84-f3d4-4107-a8ea-398237b5aeb0,Bromley,Borough
de07825e-5791-4d93-ae63-fd66014fab32,Bromley,Borough
de27b6c7-6aa1-4af3-b6f3-62af5fc9aba4,Bromley,Borough
de3503f7-4519-4ee6-bb14-9408f27c99c0,Bromley,Borough
de7b3339-7825-4495-93f2-b60140cd213d,Bromley,Borough
de7bf36c-5873-47cb-85bc-430383b70006,Bromley,Borough
de806184-bd38-4047-875c-e3ef5392d097,Bromley,Borough
de85bd23-62c4-4f2f-8773-c92179214419,Bromley,Borough
deb2919a-9147-444b-a7ab-6f1e73712afe,Bromley,Borough
ded4deaf-3bff-4eb0-954b-9ed16292757e,Bromley,Borough
df11aa58-f68c-403c-8330-5e3a71856a02,Bromley,Borough
df210fba-5ea4-4798-86f4-1c175c8e7ec6,Bromley,Borough
df50019b-971e-4fd1-8287-af3e4f948b0d,Bromley,Borough
dfc4a6dd-738b-4420-940a-a67fa58504fa,Bromley,Borough
dfdf244f-b70a-4447-abe8-cf4177bb8ab8,Bromley,Borough
e003df3d-77e3-47a3-9401-1ea5e60adef2,Bromley,Borough
e02ade4c-e22b-4792-abb4-18b09d9cff59,Bromley,Borough
e0d3ff34-dc4e-4e35-976d-501699bb7dae,Bromley,Borough
e12ef414-1e68-4232-8c53-a08f89a707e9,Bromley,Borough
e148faff-aebe-42d6-b7df-e5af5e0f0854,Bromley,Borough
e15bbce2-a3de-42b2-98d8-1ede41bdb0b5,Bromley,Borough
e1bfd0ab-bdf7-4288-9ee1-969f10acce08,Bromley,Borough
e255a3d1-42dc-46a4-b60e-cf5f5ab02249,Bromley,Borough
e25d8da7-2077-4dd5-8ee4-0531b0bbb47e,Bromley,Borough
e261dcd9-e31d-425d-a3b1-a178d10f7d73,Bromley,Borough
e330ac3a-98dc-460c-b4d9-29e518e06857,Bromley,Borough
e3375745-915b-4a35-8725-29fa39da666a,Bromley,Borough
e3459362-7b07-4775-a58c-07582270cc85,Bromley,Borough
e3a239ef-4e0e-4ebc-8d48-66575d6076c6,Bromley,Borough
e3e71236-c700-4cf5-abb8-9a72c9487ab4,Bromley,Borough
e43ab56f-f16d-49ea-898a-f545bc82e540,Bromley,Borough
e4421c92-cd4e-41b8-a981-ac8f76ac0e11,Bromley,Borough
e448fe07-b9e9-48de-b06c-117e66b2f332,Bromley,Borough
e4ac182e-2d1f-457a-ad7a-4128fabafe4d,Bromley,Borough
e4d8a739-72f6-43e7-820a-c99b19619b50,Bromley,Borough
e4ff5d4e-166b-4535-91d9-12ae7267bcd2,Bromley,Borough
e53bfdce-a577-466c-81cb-103cbf4b6b88,Bromley,Borough
e5a97bb7-2483-4f4d-97fe-d9d75a062183,Bromley,Borough
e5c10dd2-2923-4561-84ad-360b5c39b264,Bromley,Borough
e5cedb08-7c62-42de-ba6f-0b272c4e1bf2,Bromley,Borough
e5e6258d-9c19-41b3-8e05-701216e6baeb,Bromley,Borough
e5f7c3c7-d07b-46ad-9fa7-54556f6181a6,Bromley,Borough
e60543c0-daab-4506-9191-4d470183291b,Bromley,Borough
e6544a43-ad2b-47bd-8fdc-4def3f1f56ae,Bromley,Borough
e670f5f5-5b0e-4c87-a4a4-3294a6586ebd,Bromley,Borough
e68b4d21-e0fc-475c-8c0f-09ef9795d977,Bromley,Borough
e6bccbf8-9ad0-4c23-a3a1-2b31981dc164,Bromley,Borough
e6e28d76-b224-4975-8359-2ad2d9e2d0e5,Bromley,Borough
e6f1ff41-7998-4908-acd1-2a7a7d131dd7,Bromley,Borough
e7150170-c4e5-4916-bcb5-19804d31c4af,Bromley,Borough
e72a1f03-51ba-4390-9fdd-79ea70331a2d,Bromley,Borough
e735fbff-520d-4843-9f8a-0d6b99d0ca8a,Bromley,Borough
e73b381c-5733-4698-9e6c-08f97dcd0ea7,Bromley,Borough
e74776f2-613c-4503-8eb4-cf3c9040d730,Bromley,Borough
e78308dd-7c94-4218-9732-e040c42e1780,Bromley,Borough
e7ad9531-362b-4c17-8e68-6e96277783dd,Bromley,Borough
e7c82b16-4f21-48df-8090-733e08d2928d,Bromley,Borough
e7e98d31-8d67-4fb7-b83e-e4c193569fb9,Bromley,Borough
e81cce7b-4cd7-4ee9-b9a1-8897e5ce511f,Bromley,Borough
e8316def-096e-4f64-94ab-31253ab16d2f,Bromley,Borough
e874ce8c-110c-4bde-9651-fa17101dc915,Bromley,Borough
e8c1fe04-dfd6-4e96-be4e-8d8f1f8d7920,Bromley,Borough
e9341582-54f3-4ffa-a785-c8bea4535be6,Bromley,Borough
e9493e86-08bf-4267-8203-cc19b525d0ed,Bromley,Borough
e95dde3a-d756-43f0-af58-ac2012b19001,Bromley,Borough
e9650308-12f9-46a3-a219-e3dc4e909b59,Bromley,Borough
e9a38a2a-eefc-47c3-90da-dc78d84a994c,Bromley,Borough
e9b537b4-23d6-4e53-918a-df0ea20a5f85,Bromley,Borough
ea4a6e59-f814-49b3-af43-42a65ffedb43,Bromley,Borough
ea7802f4-f7f8-45a5-93f9-c501ff5703fd,Bromley,Borough
ea9e0236-a310-47e9-885e-5d69bc5c0bac,Bromley,Borough
ea9ed9b6-863b-4193-b915-9fdd1f382309,Bromley,Borough
eab77bc6-659a-4f3d-8a12-e29c1257d8a3,Bromley,Borough
eaddb2f8-0fe5-4169-9ba3-cf951f86b60e,Bromley,Borough
eade3956-b75e-4be2-a939-a234c94d1284,Bromley,Borough
eb9416b9-32b2-4169-8e6e-80f1a52816f4,Bromley,Borough
ebaef82d-0999-499a-9519-a0f83cb54747,Bromley,Borough
ebcf5c49-a6c6-4306-b47d-75cd7c23d153,Bromley,Borough
ebd45bce-007c-414e-8765-c1c519ce71f1,Bromley,Borough
ebfaf73e-9121-43e1-a4d9-0c53b47cfe46,Bromley,Borough
ec36329a-f335-422c-b985-a5beaa54e743,Bromley,Borough
ec366726-f050-4647-9ebd-640e09d6c505,Bromley,Borough
ec535931-013a-4880-a59d-bd6dfe3b02b2,Bromley,Borough
ecf12ee9-6b9f-43db-8be6-d6ae736b6750,Bromley,Borough
ed31c596-2189-4dcd-bb42-471de5f33509,Bromley,Borough
ed4fb2cd-d6af-4be2-882b-a79e5facca98,Bromley,Borough
ed6b0c87-ba58-46a7-a0cb-baeaced87d98,Bromley,Borough
ed76fe3b-0968-4757-8b6b-f05bd90651c0,Bromley,Borough
ed8c11a8-b37f-4199-a981-674b6ab7a9cd,Bromley,Borough
edd5e589-ac35-446b-bd52-c6c0d068a5cf,Bromley,Borough
ee2bc7cb-8312-4a40-bfc3-c206bece2e6b,Bromley,Borough
ee2e8479-dcca-41b2-820b-76b530dedea7,Bromley,Borough
ee3208b3-d747-47fb-80b2-f32060b5254d,Bromley,Borough
ee4118fe-4f83-43a9-98e1-6347d744d411,Bromley,Borough
ee566d27-5a4d-46ab-a2df-d09c13203229,Bromley,Borough
eec404c5-bb48-40e0-b814-08fe559f61a7,Bromley,Borough
ef120ae8-01a4-4883-9d8c-5f7c4f5ed698,Bromley,Borough
ef32c96d-7387-4fe0-8542-c966f053e2c5,Bromley,Borough
ef721a65-dd5a-4176-8dc7-675b05e57937,Bromley,Borough
efaed844-4e88-40b4-b1c2-e15ba7caa3ab,Bromley,Borough
f00751a6-df64-4cbb-9bca-e7bb4e89deaf,Bromley,Borough
f0519660-2bc2-45bd-a29f-6cc7c0e6e108,Bromley,Borough
f08948c4-85dd-4ccf-b89b-5e833603aaaa,Bromley,Borough
f09709f5-bc30-4b01-9493-3dbc78b9face,Bromley,Borough
f09ad470-2c02-4302-bd68-c75611e493b0,Bromley,Borough
f09d96b4-d459-40ed-b3d1-64f1b9070c41,Bromley,Borough
f0b86adc-9a27-45d5-a17e-1a69a33eaf87,Bromley,Borough
f0c3d835-59c3-4051-9203-fde83d8e0939,Bromley,Borough
f14d86f5-10a2-40b8-8cc3-bc0f283398d6,Bromley,Borough
f165bcf5-c1c9-48e9-bef0-104a5d8bd52a,Bromley,Borough
f1796f5e-6278-4b5d-8572-8e512127e9c1,Bromley,Borough
f1a71b2d-6cea-4fb5-911a-6bccc921f98e,Bromley,Borough
f2976127-d85e-45d4-a2cf-555420707262,Bromley,Borough
f2d0ddd8-3e32-46e0-b51d-7077e2f6d0e5,Bromley,Borough
f310ab5e-f4ac-46c6-8755-53720ef0200b,Bromley,Borough
f337369a-d882-42ed-afc4-dbb4924ca188,Bromley,Borough
f371beec-e549-48a8-bfec-07511d05d175,Bromley,Borough
f37379d3-7520-4ec1-acb2-b46b2d80775e,Bromley,Borough
f37d4e2f-b6a5-4828-82d1-48a7bd9d2340,Bromley,Borough
f3b6b087-8668-4fce-abdd-1240d5d4d382,Bromley,Borough
f403c32f-1aef-4075-92f7-08eddd2d08dd,Bromley,Borough
f493b504-44e3-41c6-a645-178ee98d4612,Bromley,Borough
f495e03e-2a2a-4a9c-b244-5d0151aef741,Bromley,Borough
f498d439-cfc2-4235-990a-173ca0940550,Bromley,Borough
f537225e-7492-4d03-b2cb-bb5a739c8183,Bromley,Borough
f5412261-5dea-4b9f-8aa4-2f9eb53c39eb,Bromley,Borough
f562d253-deff-4a81-b65b-3b183be78406,Bromley,Borough
f5659f12-04a4-4d0f-9fed-a7031f06341b,Bromley,Borough
f577a08c-3eab-4286-adb9-26a3100dbd73,Bromley,Borough
f5a20c37-4bcc-47e1-bdd3-da4eae94faf6,Bromley,Borough
f5e50d25-4c43-49dd-bb64-9d9db14537af,Bromley,Borough
f66fe55d-9135-48b5-abb2-6d307bec91e2,Bromley,Borough
f68ce369-caa1-49e8-a890-45bf2c7ad62e,Bromley,Borough
f6be9822-5d33-4a43-8b04-5cb0f5baf8a1,Bromley,Borough
f6f4e2a3-17fc-455b-a4f5-1429986374af,Bromley,Borough
f704297a-f4a5-4291-b556-f8685c22f63c,Bromley,Borough
f85e35ad-62ad-445e-be49-30927a99dfe4,Bromley,Borough
f881abe4-9049-4228-9838-b5ed557d1fd2,Bromley,Borough
f8a2507f-8411-4d47-adfe-40ba837bd934,Bromley,Borough
f8c65495-feea-4fd7-85f7-be0e4789d9de,Bromley,Borough
f8c6782e-de66-4d50-b19e-00564a4433ce,Bromley,Borough
f961cdac-cfc0-4d9b-b547-eda2c8647145,Bromley,Borough
f97186f7-f1a1-47f9-a37e-aaef7faa4f65,Bromley,Borough
f98bf66d-37de-49c0-b75c-447e740048d0,Bromley,Borough
f999a138-9049-42bf-8e87-d6544ead6496,Bromley,Borough
f9d731da-a8a2-44d7-8392-bac6f0e25e76,Bromley,Borough
fa6afaec-d2f4-45e3-9215-17788fd14652,Bromley,Borough
fa71b4da-5fc9-4745-9dfa-285f980ba621,Bromley,Borough
faf87cfb-356b-4516-bdec-512eaebd5431,Bromley,Borough
fb842bd7-3103-4531-8846-f0acba2b1b72,Bromley,Borough
fb9a377a-94d8-4352-8c57-fce506c31033,Bromley,Borough
fbbeb25f-e584-4133-bc20-165489e11be2,Bromley,Borough
fbcbadf1-713d-4133-8034-2dd8c2b2a451,Bromley,Borough
fc00aa58-190e-4354-9c4b-5f83b40205d0,Bromley,Borough
fc2a4fa0-f08e-4441-b866-b27608257e28,Bromley,Borough
fc546690-ef6d-46f7-a475-a424414c2332,Bromley,Borough
fc726b27-9e40-4b20-be9c-765ba2d7eb30,Bromley,Borough
fca8f358-47a4-4093-93a8-e5582e5bd414,Bromley,Borough
fcb2141b-9db7-4961-a442-730cf553f325,Bromley,Borough
fce1b1b4-b269-496d-a71d-eea075bb865a,Bromley,Borough
fcee9b85-b8aa-4882-ae02-9cb5a948b9fd,Bromley,Borough
fd01be99-03de-4871-81cf-4c6532f89e47,Bromley,Borough
fd0ff492-0f39-4d4a-a395-1206a3aae5d7,Bromley,Borough
fd570514-8999-479e-ac9c-c5934dca658f,Bromley,Borough
fd718511-03d2-44c5-8b6e-93da8e10c38c,Bromley,Borough
fd802a24-1ea4-4187-85de-93d44931c63b,Bromley,Borough
fe329041-2be3-4d70-96ec-95f2cefe5b5d,Bromley,Borough
fe5d1b6b-4901-4635-804a-d15c2360898d,Bromley,Borough
fe70ae33-0d49-4382-b506-263433293345,Bromley,Borough
fed870d7-8a5f-4d17-b348-2dc97880a5ec,Bromley,Borough
feda0075-dafb-487f-805a-beffb0002ff6,Bromley,Borough
fedbc7f7-68f8-46d4-a6aa-db0bddf17fa1,Bromley,Borough
ff755d4c-7639-42f6-b02d-c181025bec5b,Bromley,Borough
ff830d33-b24e-4e50-969d-98708e28ebf4,Bromley,Borough
fffc3046-4dc8-48d3-85bf-59a467beab17,Bromley,Borough
